PF;CFF;NOMENCLATURA;UN;PRICE UNIT(U$)
MS20364-820C;D9182;NUT,SELF-LOCKING,HEXAGON;EA;53,05
MS21922-8;96906;SLEEVE,CLINCH,TUBEFITTING;EA;16,74
A3044;24692;BLOCK ASSEMBLY,PROP;EA;1972,74
AS3209-017;0U583;PACKING,PREFORMED;EA;3,64
MS5757-10-029;2289;RELAY;EA;443
NAS517-3-7;80205;SCREW,MACHINE;EA;3,87
DSP6FS464;21335;BEARING,BALL,AIRFRAME;EA;397,83
MS21346-231;96906;SWITCH TOGGLE;EA;395,39
531-133-008;C3141;TRANSISTOR TIP;EA;9,87
B6717-1;72121;CAPA SECUND;EA;4698,41
MS20600AD6W1;96906;RIVET;EA;23,69
MS3100K24-28P;96906;CONNECTOR,RECEPTACLE,ELECTRICAL;EA;2131,06
MS21042L06;96906;NUT,SELF-LOCKING,HEXAGON;EA;25,43
29-100-0001;3X699;POWER SUPPLY 12V 2.3AH (LEAD ACID P2020);EA;868,63
MS3106K24-28S;96906;CONNECTOR,PLUG,ELECTRICAL;EA;1835,26
32036-124;F6137;PACKING,PREFORMED;EA;80,91
G2G5-3X7G;F0344;PIN,GROOVED,HEADLESS, U/O MAIN LAND GEAR;EA;355,35
BAT-493;55719;BIT,SCREWDRIVER, PHILLIPS CROSS, LENGTH 1.938 IN, ACROSS WRENCH FLATS 1/2 IN, TIP SIZE DESIGNATION 3;EA;13,42
MS20427M3-6;96906;RIVET;EA;21,72
MS21251B6L;96906;TURNBUCKLE BODY;EA;83,55
10938;F6137;GASKET;EA;236,9
164829;F6177;SHUNT,TUNING;EA;220,63
MS21134-10026;96906;BOLT;EA;1184,49
11662;F6137;PLUNGER,DETENT, U/O DISK BRAKE,AIRCRAFT, LEFT AND RIGHT;EA;2290,02
MS17821-4-9;96906;STRAP-TIE DOWN.NYLON;EA;5,21
A-867;24692;RING,SPLIT FEATHERI;EA;470,53
B5074;76275;ASSEMBLY BRIDG;EA;1816,22
MS21250-08014;96906;BOLT,SHEAR;EA;99,41
B-6544;24692;LUBRIFICATION FITTING;EA;23,37
AE18885E;69705;SLEEVE;EA;765,97
03-6010-18;31435;BEARING,BALL,ANNULAR;EA;1441,96
23032-2453;31435;ADAPTATEUR DE MONTA;EA;2128,38
LS5-350;35918;SPRING CONTROL;EA;11,84
MS28034-3;96906;TRANSMITTER,TEMPERATURE,ELECTRICAL RESISTANCE;EA;703,68
100-XT6;071U1;BIT SCREW DRIVER;EA;54,33
26479-0495;65457;CONNECTOR;EA;1097,63
A12139;10988;PACKING,PREFORMED;EA;481
14-99802-21;76197;ARM,WINDSHIELD WIPER;EA;4118,09
30060-21-7512;72914;LIGHT,NAVIGATIONAL,AIRCRAFT, LEFT HAND WING, COLOR RED, GLASS LENS, 26,5 VOLTS DC;EA;16204,54
41-0441-1;72914;CONNECTOR,RECEPTACLE,ELECTRICAL;EA;589,56
602EN123-6;91929;SWITCH,SENSITIVE;EA;2845,97
4009270-3WD;7187;BEARING UNIT,BALL;EA;3816,44
MS21905D4;96906;TEE,TUBE TO BOSS;EA;60,19
B-6245-303;72914;LIGHT DOME;EA;9259,74
A13217;72121;GEAR,WORM;EA;20754,69
B6583;17472;PLATE,ROD END;EA;231,61
B6553-1;17472;WASHER,FLAT;EA;1468,77
40243G-02;71483;CUSHION,EAR;EA;161,64
050-02960-0000;22373;INSTALLATION KIT FOR ANT KA-54;EA;2368,99
NAS1149F0563P;80205;WASHER,FLAT;EA;3,04
AD-29529-001;74025;HARNESS ASSEMBLY,SE;EA;2064,28
85-0446-7;72914;LIGHT DOME CABIN;EA;2585,01
MS21908W4;81343;ELBOW,TUBE;EA;50,54
MS3108R10S13S;96906;CONNECTOR,PLUG,ELECTRICAL;EA;218,3
14445;F0189;BEARING,PLAIN,SPHERICAL, LH/RH;EA;1047,09
AN320-2;88044;NUT,PLAIN,SLOTTED,HEXAGON;EA;22,58
4772-6;99894;ATTENUATOR;EA;1326,63
50-0014-3;72914;LIGHT LAND;EA;955,81
4080A;98429;WHEEL,MINUTE RECORD;EA;476,48
MS9565-05;96906;BOLT,MACHINE;EA;908,84
M8805/99-025;81349;SWITCH;EA;1258,01
HL22-5-5;73197;PIN RIVET;EA;8,21
HL22-6-6;73197;PIN-RIVET,THRE;EA;67,91
AN520-10-9;88044;SCREW MACHINE;EA;9,87
AS5180B04;81343;ADAPTER,STRAIGHT,TUBE TO HOSE;EA;460,45
M8815/6-8;78286;FILTER ELEMENT,FLUID;EA;503,39
BACN10B-L7L;81205;NUT,SELF-LOCKING,EXTENDED WASHER,DOUBLE HEXAGON;EA;54,26
A-2036-22;24692;SCREW,CAP,SOCKET HEAD;EA;121,37
MS3106K12S3S;96906;CONNECTOR,PLUG;EA;6770,65
MS25010B12A327;96906;LIGHT PANEL;EA;292,33
MS20392-2C95;96906;PIN STR HD;EA;13,35
LM412-37;76005;GASKET;EA;600,14
MS20426AD5-10;96906;RIVET,SOLID;EA;86,07
MS20470AD3-3;96906;RIVET,SOLID;EA;272
MS20002C6;80205;WASHER,RECESSED;EA;69,3
AN818-12D;88044;NUT,TUBE COUPLING;EA;17,21
A-2043-1;24692;NUT,SELF-LOCKING,HEXAGON;EA;3,4
MS35333-39;80205;WASHER,LOCK;EA;5,48
AN960-916;88044;WASHER,FLAT;EA;8,49
MS21256-2;96906;CLIP, RETAINING, AVIATION;EA;1,2
AN837-4D;88044;ELBOW,TUBE;EA;70,75
MS3106F14S5S;96906;CONNECTOR,PLUG,ELECTRICAL;EA;115,13
MS24149-D1;96906;RELAY,ELECTROMAGNETIC;EA;4363,87
AN3-21A;88044;BOLT,MACHINE;EA;23,69
MS28775-213;F0229;PACKING,PREFORMED;EA;1,39
MS20220-2;96906;PULLEY,GROOVE;EA;239
MS27645-5;96906;BEARING,BALL,AIRFRAME;EA;198
900591B2C;97499;CLAMP,HOSE, MATERIAL STEEL CORROSION RESISTING;EA;9,4
AS15001-1P;81343;FITTING,LUBRICATION;EA;676,43
02-5600-13;3CPE0;BEARING,WASHER,THRUST;EA;370,98
23057;79300;KNOB;EA;99,97
MS9226-05;96906;WIRE,NONELECTRICAL, ROUND, NICKEL ALLOY, AMS5687, DIAMETER 0.039 IN AND 0.041 IN, LENGTH 218 FEET;EA;184,94
2200;95146;LAMP,INCANDESCENT;EA;1,18
A1877;FA1D6;RING,RETAINING;EA;13,72
744238-1;73030;SHAFT;EA;26404,05
MS27643-4;81343;BEARING,BALL,AIRFRAME, LUBRICATION MATERIAL GREASE MIL-G-81322 MIL SPEC;EA;281,51
57B1843;24692;FELT,MECHANICAL,PREFORMED;EA;45,09
B6551;17472;COUPLING;EA;2893,67
A2048-2;24692;WASHER;EA;18,91
522-0688-013;5211;ANTENNA;EA;4479,36
PRP909-7;24692;RING SHAFT;EA;32,72
M5757/10-035;81349;RELAY,ELECTROMAGNETIC;EA;346,85
MS9276-09;80205;WASHER;EA;11,45
MS35265-29;96906;SCREW MACHINE;EA;105,5
MS21250-05036;96906;BOLT,SHEAR;EA;79,99
MS26574-3A;81349;CIRCUIT BREAKER;EA;117,9
AS3209-159;0U583;PACKING,PREFOR;EA;38,54
AS5406-04;81343;NIPPLE,TUBE;EA;33,01
AN4H22A;88044;BOLT,MACHINE;EA;508,53
MS21902W4;81343;NIPPLE,BOSS;EA;27,32
MS35275-202;96906;SCREW,MACHINE;EA;1,11
MS27308-2;96906;BUS,CONDUCTOR,CONNECTOR BAT;EA;138,11
14264;66640;BOLT STEEL;EA;53,3
ES500-6-33;17472;SCREW, MACHINE;EA;120,19
10-10001;25693;CLAMP;EA;84,36
HL2277-6-5;73197;REBITE HC-LOK;EA;24,08
S67-2002;13691;ANTENNA, RADIO ALTIM;EA;3174,52
M83248/1-126;81349;PACKING;EA;7,9
C-3317-347-2;24692;GASKET;EA;39,46
40863G-02;71483;CUSHION, EAR;EA;186,2
165-34;2660;CONNECTOR,PLUG,ELECTRICAL;EA;68,46
MS21902D5;96906;NIPPLE,BOSS;EA;29,79
U3356S1-150;94581;COUPLING,CLAMP,GROOVED;EA;274,41
A1852;FA1D6;RING GUIDE;EA;608,51
A1854;24692;RING,RETAINING;EA;26,69
AN150540;81343;STUD,STEPPED;EA;872,18
MS16998-55;96906;SCREW,CAP,SOCKET HEAD;EA;12,95
12840G-01;71483;REPAIR KIT,BOOM GUIDE;EA;63,6
3SAV1044A3;1526;RELAY;EA;172,7
MS14145L8;80205;NUT,SELF-LOCKING,EXTENDED WASHER,HEXAGON;EA;72,93
50-0014-9;72914;LIGHT,LANDING,AIRCRAFT;EA;12176,55
MS14101-3;96906;BEARING,PLAIN,SELF-ALIGNING;EA;73,92
B6582;17472;COUPLING;EA;4870,12
CA33020;8118;COUPLER ASSEMBLY;EA;2026,99
4050-1;98429;BALANCE ASSEMBLY;EA;1381,91
ES500-6-48;17472;SCREW,MACHINE;EA;175,46
23065-1770;3CPE0;IMPELLER,FAN,AXIAL;EA;4586,12
4842X3-8;38597;FILTER ELEMENT,FLUID;EA;119,53
18316G-02;71483;CUSHION,EAR;EA;64,12
5131C364Z;14242;COUPLING,CLAMP,GROOVED;EA;6119,89
8705;F6137;FILTER ELEMENT,FLUID;EA;166,96
32038-124;F6137;ANEL VEDACAO;EA;21,14
MS27212-2-5;81343;BARRA DE TERMINAL;EA;66,57
110-2723-09-02;S4956;HINGE,AIRCRAFT;EA;2135,25
110-2723-09-03;FB459;HINGE,AIRCRAFT;EA;19699,37
4A-611-21-04;S4956;TUBE ASSEMBLY,METAL;EA;861,29
4A780-10-20-30;S4956;BASE PROTETOR ESQ;EA;459,9
NAS1189-06P14L;7679;SCREW,CAP,SOCKET HEAD;EA;15,12
MS3476W12-8S;96906;CONNECTOR,PLUG,ELECTRICAL;EA;129,11
AS5190W05;88044;ELBOW,BOSS;EA;130,31
AN3115-1;88044;CONNECTOR,RECEPTACLE,ELECTRICAL;EA;268,64
MS25041-4-328;96906;LIGHT,INDICATOR, LENS COLOR YELLOW SINGLE LIGHT, TRANSPARENT, WITH LAMP NUMBER 328;EA;201,52
M22520/5-41;81349;DIE,CRIMPING T;EA;1449,31
AN919-15J;88044;REDUCER,BOSS;EA;93,42
PMD13K60;53641;TRANSISTOR;EA;127,61
B3339;FA1D6;BOLT,MACHINE;EA;156,79
MS21042L3;80205;NUT,SELF-LOCKING,HEXAGON;EA;240,28
D38999/26WC35SN;81349;CONNECTOR,PLUG,ELECTRICAL,22S NO.13;EA;152,48
M83536/22-022M;81349;RELAY 3PDT 28V SOCHET PIN;EA;872,54
A3087;24692;WASHER,FLAT;EA;25,39
MS27053-8;96906;PIPE;EA;357,48
M83798/3-4;81349;ELBOW, TUBE TO HOSE;EA;434,08
M83798/3-004;81349;ELBOW, TUBE TO HOSE;EA;455,56
MS21907W4;81343;ELBOW,TUBE;EA;85
MS3106A14S2S;96906;CONNECTOR,PLUG,ELECTRICAL;EA;216,37
MS21916J8-6;96906;REDUCER,BOSS;EA;81,18
NAS659-3-5;80205;BEARING, BALL, ROD END;EA;1706,53
MS35206-234;96906;SCREW,MACHINE;EA;23,53
N06-12-41-3-2-2;F9211;BEARING,PLAIN,ROD END;EA;877,95
365A57-1253-20;F0210;PLATE,MOUNTING;EA;247,88
9207-4399;58657;RELAY,ELECTROMAGNETIC;EA;12850,18
B3001-2;24692;COLLAR PROPELL;EA;4701,89
R4ZZ;38443;BEARING,BALL,ANNULAR;EA;0,08
A9155-1;17472;SHIM;EA;3693,63
205-031-669-7;97499;WINDOW PANEL,A;EA;45750,66
B5198-1;17472;TUBE,METALLIC;EA;2673,49
4A-501-10-01-07;S4956;CONNECTING LINK,RIGID;EA;4535,82
4A-2115-21-10;S4956;GASKET;EA;233,5
3-1158-8;86768;SPACER;EA;138,35
B6552;17472;ADAPTER;EA;1772
717503-0001;22373;CLUTCH SERVO,PRIMAR;EA;24084,71
XD4N;58657;RELAY,ELECTROMAGNETIC;EA;614,36
CDR21BG301CFTR;81349;CAPACITOR,FIXED,CERAMIC DIELECTRIC;EA;210,52
99-4944;99167;GASKET;EA;827,23
A1306;24692;GASKET;EA;22,79
171007;16827;GAGE,DIFFERENTIAL,DIAL INDICATING;EA;1616,83
MS20066-95;96906;KEY,MACHINE;EA;25,54
AC900F4UP1;18350;FILTER ELEMENT;EA;2632,5
MS21256-3;96906;CLIP,RETAINING,AVIATION;EA;2,08
57A0304;24692;BOLT,INTERNAL WRENCHING;EA;397,28
M-A4-157;18783;BRUSH, ELECTRICAL CONTACT;EA;211,47
422201E594Z;14242;CLAMP,LOOP;EA;459,66
MS21916W5-4;81343;REDUCER,TUBE;EA;158,64
MS20470AD5-12;96906;RIVET,SOLID;EA;107,78
D2SE-363;53399;TRANSISTOR;EA;1022,46
MS25231-313;96906;LAMP,INCANDESCENT, COLORLESS, 0.170 AMPERES, 28 VOLTS;EA;1,76
AN815-6D;88044;NIPPLE,BOSS;EA;16,89
MS20426AD4-6;96906;RIVET,SOLID;EA;94,44
MS51957-42;96906;SCREW,MACHINE;EA;130,14
109D437X9030T2;5079;CAPACITOR,FIXED ELCTROLYTIC;EA;274,17
22607G-01;71483;CORD ASSEMBLY;EA;140,48
MS20115-2;96906;SHACKLE;EA;278,02
MS21044N7;96906;NUT,SELF-LOCKING,HEXAGON;EA;5,21
MS24693-S247;96906;SCREW,MACHINE;EA;3,94
110P2-1244-50-08;S4956;PIN,RETAINING;EA;377,46
PE25041-027-03;AW25$;PINO;EA;339,55
11053009;K0068;BREAKING PIN;EA;324,62
MS27641KP3A-FS464;96906;ROLAMENTO;EA;236,9
AN216-2-8;88044;BALL;EA;38,58
65-0121-173;72914;LIGHT IND;EA;15208,9
B5193-11;17472;TUBE;EA;343,68
110-502-21-13;S4956;SLEEVE;EA;181,62
MCS233;K0481;CABLE ASSEMBLY,COAXIAL;EA;3750,9
MS25219-13;96906;LIGHT;EA;811,38
359-0657-110;58257;MATING CONN MS27467T25F35S;EA;463,14
55-1110-9WE;72914;RUBBER BLADE;EA;1101,58
MS21902-D5;96906;NIPPLE;EA;52,09
JMS3100F18-19P;96906;CONNECTOR, RECEPTACLE, ELECTRICAL;EA;162,67
9560119150;F0228;STRAP, TIEDOWN, ELECTRICAL COMPONE;EA;9,29
18191-011;74025;CELL, BATTERY;EA;4008,69
MS16624-1066;96906;RING;EA;42,98
AE18883E;69705;ADAPTER 45;EA;691,03
BZ1R2441;F1688;INTERRUPETER;EA;5330,22
B355-54;17472;WASHER;EA;448,86
B5193-2;17472;TUBE MAIN CARR;EA;15400,32
B5193-3;17472;TUBE MAIN CARR;EA;6363,1
B5197;72121;COVER;EA;2908,01
A9162-5;82152;INSCR TEC;EA;1897,31
B6607;72121;RACE THRUST;EA;2969,05
CE2-56;K0481;BOWL;EA;1153,38
CE2A124;K0481;BELLOWS ASSY;EA;575,66
C3311-21;17472;COVER BALL;EA;3016,47
C11MAO121-010;F1881;CASING LOWER;EA;4752,19
C3311-17;17472;NUT BODY;EA;21810,01
A9076;20832;WASHER;EA;22,01
A9135;17472;INSERT SLEEVE;EA;1794,05
11SM3;91929;SWITCH ASSY;EA;29,6
MS21916J6-5;81343;REDUCER;EA;63,37
L22196-30-12BCL;F6198;SCREW;EA;370,83
SA8460;17472;BEARING;EA;1378,86
99-4684-28;99167;PACKING;EA;10,82
HL2277-5-7;73197;PIN-COLLAR ASSEMBLY;EA;46,75
HL2277-6-12;73197;PIN COLLAR;EA;33,77
HS232-91-016;81982;PACKING;EA;46,04
NM85;F0214;INTERRUPTEUR;EA;4373,31
12592;F0189;ARRUELA;EA;2685,32
SA22052;K0481;HAIRSPRING;EA;52,59
SA9090;82152;RECEPTACLE;EA;889,16
SA9125;32255;SCREW;EA;75,73
12AX70;FB459;CLAMP,HOSE;EA;182,14
120-3048-00;22373;ICLM339;EA;10,27
13038;33252;VALVE;EA;350,61
133202;73760;ROTOR;EA;138585,8
16540;F6137;LEVEER;EA;6944,8
15025A;F0210;SHAFT;EA;2961,24
15191;F6137;BAGUE;EA;3553,48
23081-1130;31435;END BELL;EA;4572,36
3-1958-15;86768;PIVOT ARM;EA;245,59
25544;19527;BODY;EA;4630,66
4A-0003-10-08;S4956;CONNECTING PLATE;EA;5132,81
3240439;73474;SHAFT;EA;4395,26
3240784-8;73474;SPACER;EA;355,35
1003;3T949;LEFT FLAT GLASS;EA;4920,55
A3067-2;24692;BEARING,SLEEVE;EA;602,75
800419-00;53655;REGULATOR ASSY;EA;10902,65
99-4874;99167;SPRING;EA;145,69
MS24694-S51;80205;PARAFUSO;EA;6,07
MS3509-28;96906;CONJUNTO LUMIN;EA;721,05
B6245R303;72914;LIGHT DOME;EA;19291,12
14853;F5309;WASHER;EA;432,9
14929;F0216;CHEMISE;EA;789,35
MS25237A-327;96906;LAMP,INCANDESC;EA;30,11
15278;S4956;BUCHA;EA;2001,01
16045;AW25$;TAPERED PIN;EA;774,26
14629;F0189;PLACA REGULAG;EA;1152,28
14630;F0189;PIN ASSY;EA;2238,83
CE2A26;AW25$;LEAD SOCKET;EA;1627,57
LM412-38;76005;GASKET,ENGINE;EA;1702,72
178009;16827;OXYGEN MASK TOTE BAG;EA;2970,83
Z941-65101;98429;SPRING;EA;244,8
CE2A33;K0481;FILTER;EA;1582,98
171004;16827;GAUGE PRESSURE;EA;1438,27
632006-22;16827;PACKING;EA;52,43
M7928/5-3;81343;SPLICE,CONDUCTOR;EA;87,57
AN3-4A;1E0F1;BOLT,MACHINE;EA;4,4
38198;E834$;RETENTOR;EA;79,68
LL57G04S5;3038;SCREW,MACHINE;EA;73,75
MS24665-283;80205;PIN,COTTER;EA;6,94
980677;F6137;PIN,COTTER;EA;30,82
M5086-1-22-9;81349;WIRE,ELECTRICAL, COLOR WHITE, OUTSIDE DIA 0.068 (1/16) IN, 22 AWG, TEMP RATING 105.0 DEG CELSIUS;EA;1,03
56920;93835;GASKET;EA;342,2
8060103;93835;PACKING,PREFORMED;EA;61,85
AN960-8L;88044;WASHER,FLAT;EA;2,86
40348;83298;TRANSISTOR;EA;86,86
3001-86-450/160C-8M;25693;SENSING ELEMENT,FIRE DETECTOR SYSTEM;EA;100914,28
2523383;59501;CAM,CONTROL;EA;4580,52
AE18915E;69705;SOCKET;EA;71,07
MS24665-1012;80205;PIN,COTTER;EA;8,18
AN501-10-10;96906;SCREW,MACHINE;EA;11,84
AN773-4;88044;ADAPTER,STRAIGHT,TUBE TO HOSE;EA;45,59
NAS1149F0763P;80205;WASHER,FLAT;EA;3,04
334S609;81348;SCREW,CAP,SOCKET HEAD;EA;687,32
QQA250/52024T3.050;81348;SHEET,METAL;EA;1816,22
7988;K3456;LEVELLING SCREW;EA;1273,21
D3474-1;24692;BULKHEAD;EA;12887,29
024-M0099-03;6141;CABLE ASSEMBLY,SPECIAL PURPOSE,ELECTRICAL;EA;1231,87
AN3-23A;88044;BOLT MACHINE;EA;23,69
AN320-4;80205;NUT,PLAIN,SLOTTED,HEXAGON;EA;6,22
AN310-4;80205;NUT,SELF-LOCKI;EA;5,84
MS24587-4;96906;ADAPTER,STRAIGHT,TUBE TO HOSE;EA;106,92
M6363/2-2;81349;LAMP,INCANDESCENT;EA;143,1
AN3-16A;88044;BOLT MACHINE;EA;17,37
H14-08;15653;NUT,SELF-LOCKING,PLATE;EA;4,71
MS21907-4;96906;ELBOW TUBE;EA;90,41
32316-124;F0189;ANEL DE VEDAÇÃO;EA;56,33
MS24693C227;96906;SCREW,MACHINE;EA;38,46
MS20659-141;96906;TERMINAL, LUG;EA;132,82
B5213-1;72121;CONJ ROLAMENTO;EA;51328,07
KSP4A;21760;BEARING,BALL,AIRFRAME;EA;137,12
AN5538-2;88044;TERMINAL,LUG;EA;451,06
AN173H4A;88044;BOLT;EA;335,13
AN667-3;88044;TERMINALROPE;EA;102,26
MS3120P12-8P;96906;CONNECTOR,RECE;EA;163,54
S2L-326;8118;PACKING,PREFORMED;EA;54,02
MS3367-7-0;81343;STRAP,TIEDOWN,ELECTRICAL COMPONENTS, COLOR BLACK, WIDTH 3/16 IN, THICK 0.055 IN, LENGTH 10.200 IN;EA;16,11
AN818-6C;88044;NUT,TUBE COUPLING;EA;12,42
05-346561;3CPE0;SCREW,MACHINE;EA;16,9
4A-676-21-02;S4956;SUPPORT ADAPTATEUR;EA;2255,28
MS29528-4;96906;COCK,POPPET DR;EA;503,09
M36X1.5E22306;D8286;NUT,PLAIN,HEXAGON;EA;394,83
AN737RM107;88044;CLAMP,HOSE, INSIDE DIA 2.406 IN MINIMUM AND 3.344 IN, WIDTH 0.500 IN, STEEL CORROSION RESISTING;EA;5,01
MS75044-1;96906;WASHER,SPRING TENSION;EA;15,08
MS35214-28;96906;SCREW,MACHINE;EA;92,39
M83420/1-006;81349;ROPE,WIRE, DIA 0.188 (3/16) IN, 7 X 19, STEEL OVERALL;EA;3,87
AS21919WDG18;81343;CLAMP,LOOP;EA;7,53
MS21902J4;81343;NIPPLE,BOSS;EA;38,14
MS24693-C26;63020;SCREW,MACHINE;EA;22,16
AN960D416;88044;WASHER,FLAT;EA;118,48
AN310-5;80205;NUT,PLAIN,CASTELLATED,HEXAGON;EA;8,72
8774;F6137;SPACER,SLEEVE;EA;1925,25
14520A;F0189;SHAFT ASSY;EA;2109,81
MS27473T16B35S;96906;CONNECTOR,PLUG,ELECTRICAL;EA;236,19
AN320-7;80205;NUT;EA;26,06
875442-00;32345;NUT,SELF-LOCKING,EXTENDED WASHER,HEXAGON;EA;2,4
MS20001P4-7200;F6033;LEAF BUTT HING;EA;506,09
MS21251B3S;96906;TURNBUCKLE BODY;EA;64,12
23310AA020015L;F0111;PIN,COTTER;EA;7,86
H14-7;15653;NUT,SELF-LOCKING,EXTENDED WASHER,HEXAGON;EA;19,24
AN515-6-7;88044;SCREW,MACHINE;EA;7,04
LM-412-35;76005;SANDWICH MOUNTING ASSEMBLY;EA;5771,9
H14-8;15653;NUT,PLAIN,EXTENDED WASHER,HEXAGON;EA;9,65
GE4553;U0625;LAMP,INCANDESCENT, TRANSPARENT, 250 WATTS, 28 VOLTS,;EA;47,35
MS3108E18-19S;96906;CONECTOR PLUG;EA;271,44
MS20615-3M3;96906;RIVET,SOLID;EA;279,94
28314-16;53655;MASK,OXYGEN, PC95;EA;1514,97
14182;F6137;PIN,SHOULDER,HEADLESS;EA;144,73
H5000-2-051-250;83014;CATCH,FLUSH, MATERIAL STEEL CORROSION RESISTING;EA;878,74
18549;F6137;NUT,PLAIN,ROUND;EA;1180,62
302-247-400;04NP4;INNER TUBE,PNEUMATI,PNEUMATIC TIRE,AIRCRAFT, SIZE 6.50-8;EA;603,62
16844A;73760;TERMINAL;EA;390,17
M6904/2-1;01RR2;HORN,SIGNAL, LOUDNESS LEVEL IN DECIBELS 100 DB,3 FT;EA;6872,43
BESNSK24-10;4WGN1;GLOVE CHEMICAL RESISTANT NITRILE;EA;100,18
C742-20-60;A2142;GASKET;EA;30,01
AS3209-029;81343;O-RING, CROSS-SECTIONAL 0.067/0.073 IN, RUBBER FLUOROCARBON, TEMP RATING -15/400 DEG FAHRENHEIT;EA;6,6
DSX3H24S23S23S7301;F0503;CONNECTOR,RECEPTACLE,ELECTRICAL;EA;2779,61
147M121100;6141;PROTEC-A CONNECTOR KIT (PWR/DATA);EA;10091,89
MS51958-62;80205;SCREW;EA;56,21
A7635A;72914;CLAMP,LOOP;EA;1527,6
AN380-3-2;88044;PINCOTTER;EA;5,24
HL22-6-10;73197;PIN-RIVET;EA;8,8
16102-052;74025;BUS,CONDUCTOR;EA;355,35
4053;98429;JEWEL ASSEMBLY;EA;372,72
MS27467T15F15P;96906;CONNECTOR PLUG;EA;234,21
HL77-6;L4528;COLLAR,PIN-RIV;EA;10,82
MS3106E20-27S;96906;CONNECTOR,PLUG,ELECTRICAL;EA;173,73
MS3126F18-32S;96906;CONNECTOR,PLUG,ELECTRICAL;EA;340,11
AS29561-248;81343;PACKING;EA;5,69
MS51960-67;96906;SCREW;EA;48,23
AN6287-1;88044;VALVE,PNEUMATIC TANK;EA;480,66
M39018/04-2130M;81349;CAPACITOR;EA;334,19
MS21924D8;96906;ADAPTER,STRAIGHT,TUBE TO BOSS;EA;85,76
MS3126F12-10S;96906;CONNECTOR,PLUG,ELECTRICAL;EA;185,57
MS20470AD3-5;80205;RIVET;EA;0,35
HL22-5-4;56878;PIN-RIVET;EA;9,34
XEM-RE-8RSA8;F0222;BEARING,PLAIN,ROD END;EA;1816,93
MS20392-2C31;96906;PIN,STRAIGHT,HEADED;EA;12,04
MS27039-1-07;80205;SCREW,MACHINE;EA;9,11
MS35338-42;96906;WASHER,LOCK;EA;7,33
AN4-30A;88044;BOLT,MACHINE;EA;105,53
AN832-6D;22995;ADAPTER,STRAIGHT,TUBE TO BOSS;EA;26,45
MS20392-2C11;96906;PIN,STRAIGHT,HEADED;EA;14,51
MS16997-37;96906;SCREW,CAP,SOCK;EA;3,17
MS3106A14S-6P;96906;CONNECTOR,PLUG,ELECTRICAL;EA;83,78
AN818-10D;88044;NUT,TUBE COUPLING;EA;14,06
MS51957-29;96906;SCREW,MACHINE;EA;24,64
MS51957-44;96906;SCREW,MACHINE;EA;20,83
MS21042L6;80205;NUT,SELF-LOCKING,EXTENDED WASHER,HEXAGON;EA;3,79
354A;F0704;CUP,TAPERED ROLLER BEARING;EA;70,2
M5086/1-20-9;81343;WIRE,ELECTRICAL, COLOR WHITE, OUTSIDE DIA 0.078 (2 MM) IN, 20 AWG, TEMP RATING 105.0 DEG CELSIUS;EA;0,71
SL521C;53469;MICROCIRCUITO LINEAR;EA;461,95
MCF264;K0481;CABLE ASSEMBLY,COAXIAL, W6;EA;18162,24
MCS264;K0481;CABLE ASSEMBLY,COAXIAL, W5;EA;6040,92
MS29513-214;96906;O'RING-FUEL RESISTANT,RUBBER;EA;1,48
24583;74025;GASKET;EA;95,94
PE26018-3-8-8-0;S4956;RIVET,SOLID;EA;6,3
MS21922-10;30974;SLEEVE,CLINCH,TUBEFITTING;EA;30,88
F2-39-2;26433;ARMATURE,MOTOR;EA;6102,83
AN960-616;U0625;WASHER,FLAT;EA;14,77
372550;F1688;GARNITURE ROTATIVE;EA;10109,36
14-2131;S5496;BRACKET,STRUCTURALCOMPONENT,AIRCRAFT;EA;1344,56
MS25083-2BB4;96906;LEAD,ELECTRICAL, ROUND, DIAMETER 0.081 IN, LENGTH 3.390 IN, TERMINAL MS25036-112 BOTH ENDS;EA;10,25
MIL-H-8794-6;81349;"HOSE,NONMETALLIC, ROUND, BLACK, SIZE 6, DIAMETER: INSIDE 0.313(5/""6)IN, OUTSIDE 0.672 IN, MIL-H-8794";EA;33,56
2525107-61D;7213;JET,AIRFLOW;EA;459,82
LM-412-54;76005;SEAL, U/O IN WALL OF FIRE USED IN UPPER POSITION;EA;123,82
02W1507-231;736;ELEMENT FILTER;EA;2068,43
MS9136-01;96906;GASKET;EA;19,82
70123-02;0VTX0;AP BRINDLE CABLE;EA;5922,47
HL22-77-6-8;73197;PIN-RIVET;EA;51,47
HL22-5-6;73197;PIN-RIVET;EA;10,42
4A-0002-10-05;TV765;PINO CÔNICO ROSCADO;EA;118,13
DS3225-4;96906;BEARING,ROLLER,TAPERED;EA;240,96
371-2492-000;95105;CONNECTOR,PLUG,ELECTRICAL;EA;304,02
3799089;12204;BUSHING;EA;6,49
MS21905D5;96906;TEE,TUBE TO BOSS;EA;260,16
MS9714-06;96906;BOLT,MACHINE;EA;101,63
AN663C3;88044;BALL END,WIRE ROPE,SWAGING;EA;10,62
49F9798-52;92003;COCK,POPPET DRAIN;EA;195,46
B240-22;17472;SHIM;EA;409,82
B240-59;72121;SHIM;EA;292,18
2101-0072-001;S4956;GASKET;EA;560,66
4E1889-2;FA1D6;WIRING HARNESS;EA;375,88
6900163-001;3T949;LEFT SINGLE GLASS;EA;2800,12
CA33015;8118;COUPLER ASSY;EA;1268,43
2586258-1;7187;AMPLIFIER;EA;159506,97
4580;80204;LAMP,INCANDESCENT;EA;137,82
MS27224-6;96906;ELBOW,TUBE TO HOSE;EA;1061,44
4A-760-21-01;S4956;SUPPORT,DETEC INCEN;EA;202,63
742-20-80A;A2142;GASKET;EA;18,15
PE27017-7;S4956;CLAMP,LOOP;EA;85,28
MS21260L6LH;96906;TERMINAL,WIRE ROPE,STUD;EA;56,79
AN150539;88044;STUD,STEPPED;EA;9,3
42003;58880;CASE AND RING ASSY;EA;468,19
440-3-4;69705;ADAPTER,STRAIGHT,TUBE TO HOSE;EA;44,85
MS27381-4C;32142;ADAPTER,STRAIGHT,TUBE TO HOSE;EA;320,6
JAN1N3032B;81349;SEMICONDUCTOR;EA;78,57
MILH6000-20;A0189;HOSE,NONMETALLIC, INSIDE DIA 1.125 (1-1/8)IN, OUTSIDE DIA 1.625IN AND 1.750IN, FUEL /OIL RESISTANT;EA;102,66
AS21908W6;81343;ELBOW,TUBE;EA;149,36
MS21250-08018;96906;BOLT,SHEAR;EA;149,08
02-2001-20;3CPE0;INSULATION SLEEVING,ELECTRICAL, MATERIAL PAPER, INSIDE DIAMETER 0.188/195 IN, LENGTH 0.740/0.760 IN,;EA;35,75
AN669S3RH;88044;TERMINAL,WIRE ROPE,STUD, RIGHT-HAND, MATERIAL (CRESS), STEEL COMP 303SE AND STEEL COMP 305;EA;39,92
AN815-12D;88044;NIPPLE,TUBE;EA;65,31
AN4-12;88044;BOLT,MACHINE;EA;20,14
MS9923-05;81343;BOLT;EA;51,99
MS9575-05;96906;BOLT,MACHINE;EA;33,26
MS27240-2;96906;SWITCH,SENSITIVE;EA;1700,38
AN123158;88044;RIVET,SOLID;EA;3,55
00098619N;SFL35;WHEEL MOUSE OPTICAL;EA;584,35
P/S 860;70898;SEALING COMPOUND CLASS B-1/;EA;1729,36
CD12;99017;CAP,PROTECTIVE,DUSTAND MOISTURE SEAL;EA;0,46
B6553-2;17472;WASHER,SPRING TENSION;EA;1041,72
ES500-4-20;17472;SCREW,MACHINE;EA;237,77
SB3945;17472;FILTER,RADIO FREQUENCY INTERFERENCE;EA;750,18
05-340201;31435;SCREW,MACHINE;EA;9,87
00116295N;1651A;KEYBOARD 84 KEYS USB ENGLISH;EA;8337,05
A12007;72121;WASHER;EA;113,51
MS21924W10;96906;ADAPTER,STRAIGHT,TUBE TO BOSS;EA;140,48
68NA21J048;019L2;NUT,SELF-LOCKING,PLATE;EA;371,14
AN819-4D;88044;SLEEVE,COUPLING,FLE;EA;29,06
AN960C10;88044;WASHER,FLAT;EA;9,26
15175;F6137;LEVER REMOTE;EA;3447,39
AN310-6;88044;NUT,PLAIN,CASTELLATED,HEXAGON;EA;604,14
AE18927E;69705;SLEEVE;EA;383,5
M6363/1-1;81349;LAMP,INCANDESCENT;EA;120,61
MS25036-106;96906;TERMINAL,LUG;EA;50,23
56897;93835;SCREW,CAP,SOCKET HEAD;EA;268,13
MS25089-3C;96906;SWITCH, PUSH;EA;45,48
A7632;72914;GASKET;EA;73,85
AN960-1216;88044;WASHER,FLAT;EA;8,44
MS24665-132;65029;PIN,COTTER;EA;3,86
23032-1901;3CPE0;HUB,BODY;EA;307,73
D38999/20KD18PN;81349;CONNECTOR,RECEPTACLE,ELECTRICAL;EA;344,74
AN911-1;88044;NIPPLE,PIPE;EA;11,27
MS24694S5;96906;SCREW,MACHINE;EA;9,26
C1146;88869;SWITCH,PUSHBUT;EA;268,49
MS27641-5;96906;BEARING,BALL,AIRFRAME;EA;112,21
1308;8108;LAMP,INCANDESCENT;EA;1,85
6905;52676;BEARING,BALL,ANNULAR;EA;371,93
F6T5/D;58325;LAMP,FLUORESCE;EA;563,42
MS14104-16;81343;BEARING,PLAIN,SELF-ALIGNING;EA;356,34
A5-30;U1584;STUD,TURNLOCK FASTENER;EA;21,4
MS35489-6;96906;GROMMET,NONMETALLIC;EA;45,91
MS3470W20-41S;96906;CONNECTOR RECE;EA;206,18
AN814-4CL;88044;PLUG,MACHINE THREAD;EA;395,16
MS3126P10-6S;96906;CONNECTOR,PLUG,ELECTRICAL;EA;156,59
MS24187-D2;96906;RELAY,ELECTROM;EA;1397,11
MS51963-9;96906;SCREW;EA;19,74
MS27059-8;96906;ELBOW,TUBE TO HOSE;EA;2146,64
MS9518-15;96906;BOLT;EA;12,63
AN815-8D;88044;UNION;EA;22,66
MS35265-40;96906;SCREW;EA;15,56
MS35275-227;96906;SCREW,MACHINE;EA;61,96
MS35333-38;96906;WASHER,LOCK;EA;12,16
31710;K1479;GEAR ASSEMBLY,LIGHT;EA;5462,65
MS26574-2A;96906;CKT BREAKER;EA;158,96
16102-135;74025;BUS,CONDUCTOR;EA;492,62
23069-1236;31435;TERMINAL BOARD;EA;7185,77
MS25036-102;96906;TERMINAL,LUG;EA;42,29
MS21908-4;96906;ELBOW;EA;89,15
MS26574-1A;96906;CIRCUIT BREAKER;EA;164,91
M22759/35-24-9;81343;WIRE,ELECTRICAL,WHITE,OUTSIDE DIAMETER 0,045POL,TEMP RATING 200,0 DEG CELSIUS;EA;5,94
SA13239;17472;PACKING,PREFORMED;EA;492,48
3116033-01;16359;GASKET;EA;714,01
HK7C31-1;69370;CLAMP,QUICK,RELEASE;EA;47,42
AN939D8;88044;ELBOW BOSS;EA;40,51
MS28740-5;96906;ADPTER;EA;97,44
A-3478-1;24692;LOW STOP ROD RETAINE;EA;490,15
C3311-11;72121;BALL SCREW;EA;4195,12
A9091;20832;SPRING;EA;568,56
B232M;F0180;FIRE DETECTOR;EA;4885,96
MS24665-355;80205;CONTRAPINO;EA;7,59
SA13258-1;17472;BALL BEARING;EA;118,45
SA13258-3;72121;BALL BEARING;EA;68,14
17329;AW25$;BUSHING;EA;1952,84
270188-03;16827;PLUG ASSY;EA;432,12
S056-0047-00;06WH3;REMOTE MICROPHONE;EA;18151,82
18499;10237;SPACER ASSY,PIN AND;EA;1202,22
3A1523;25140;MOTOR,DIRECT CURRENT;EA;2722,57
AN123184;88044;RIVET,SOLID;EA;21,45
MS20470AD4-5;96906;RIVET,SOLID;EA;63,04
AN4-36A;88044;BOLT,MACHINE;EA;687,72
AN960-8;88044;WASHER FLAT;EA;1,93
NAS1149CN832R;80205;WASHER, FLAT;EA;4,55
15535;F0189;TUYAUTERIE DE FREIN;EA;6889,52
AN320-5;80205;NUT,PLAIN,SLOTTED,HEXAGON;EA;6,56
MS14144L8;80205;NUT,SELF-LOCKING,EXTENDED WASHER,HEXAGON;EA;75,28
4553;8806;LAMP,INCANDESCENT, TRANSPARENT, 250 WATTS, 28 VOLTS,;EA;114,36
AN173-5A;88044;BOLT;EA;45,37
M27267-12;81349;"HOSE,NONMETALLIC, SIZE 12, DIAMETER: INSIDE (5/8"") 0.625 IN, OUTSIDE 0.789 IN, ROUND";EA;63,02
MS3126F14-19S;96906;CONNECTOR,PLUG,ELECTRICAL;EA;255,26
MS16997-33;96906;SCREW,CAP,SOCKET HEAD;EA;21,68
A-1372;24692;BOLT,MACHINE;EA;135,08
M83519/1-3;81343;"SPLICE,CONDUCTOR, COLOR WHITE, LENGTH 0.625 IN (5/8""), HEAT SHRINKABLE SLEEVE";EA;44,99
6B 1042081;K0481;KEY TO ADJUST THE MAGNETIC COMPASS;EA;917,27
A3934;72914;WASHER;EA;518,57
23032-1910;3CPE0;PLATE DAMPENER;EA;831,28
MS20392-1C41;96906;PIN,STRAIGHT,HEADED;EA;3,09
4587;8108;LAMP, INCANDESCENT;EA;54,48
MS35206-218;96906;SCREW,MACHINE;EA;116,75
A2051;24692;BOLT,MACHINE;EA;119,91
M5086/2-6-9;81349;WIRE,ELECTRICAL, OUTSIDE DIA 0.293 IN, TEMP RATING 105.0 DEG, VOLTAGE RATING 600.0 MAXIMUM;EA;9,55
LM412-33;76005;COVER U/O PN LM412SA11 AND PN LM-412-SA21, DYNAFOCAL MOUNTING ASSEMBLY;EA;4051,14
HL22-77-5-6;73197;PIN-COLLAR ASSEMBLY;EA;260,31
AGF2-6;11583;IGNITER,SPARK,GAS TURBINE ENGINE;EA;1788,48
L22258-50-6BCL;F0111;SCREW,CLOSE TOLERANCE;EA;16,58
4A-760-21-03;S4956;SUPPOR DETECT INCEN;EA;984,79
B5194;17472;CARRIER,ACTUATOR BE;EA;1558,41
PE21059C5-5-8;S4956;SCREW;EA;35,18
14480;55635;DISCHARGER,ELECTROSTATIC;EA;325,11
MS9245-24;96906;PIN,COTTER;EA;17,46
A4312;72121;PIN, STRAIGHT, HEADLESS;EA;2430,68
751992-2;73030;BEARING,BALL,A;EA;2370,18
AN5-13A;88044;BOLT,MACHINE;EA;2,78
MS21909W5;81343;TEE,TUBE;EA;139,17
Q4597;8108;LAMP, INCANDESCENT;EA;157,93
23081-1011;3CPE0;ARMATURE,GENERATOR;EA;17236,95
AN4-14A;88044;BOLT,MACHINE;EA;32,41
A9044;34623;BREAKER ASSEMBLY,CIRCUIT;EA;17166,59
MS20426AD5-6;96906;RIVET,SOLID;EA;76,62
05-370176;3CPE0;WASHER,FLAT;EA;48,46
MS9574-06;96906;BOLT MACHINE;EA;18,6
MS16562-38;96906;PIN,SPRING;EA;19,45
980688-4;69705;ELBOW,HOSE;EA;1585,11
AN4-20A;88044;BOLT,MACHINE;EA;228,93
MS24694S55;80205;SCREW,MACHINE;EA;9,26
AN310-15;88044;NUT;EA;49,39
AN315-5R;88044;NUT,PLAIN,HEXAGON;EA;1,93
23069-1241;93953;COVER ACCESS;EA;1949,73
MS3367-1-0;96906;STRAP,TIEDOWN,ELECTRICAL COMPONENTS;EA;5,86
B5198;72121;COVER;EA;3124,7
B5958;17472;TRANSMITTER,POSITION;EA;58922,42
AN3-14A;88044;BOLT,MACHINE;EA;1,16
MS24693-C30;88154;SCREW,MACHINE;EA;7,72
907-12803;99866;TAPE,REFLECTIVE;EA;5479,86
MS9518-14;96906;BOLT,MACHINE;EA;37,66
AN4-6A;88044;BOLT,MACHINE;EA;1,85
MS27039-1-11;96906;SCREW,MACHINE;EA;9,26
AN960-4L;88044;WASHER,FLAT;EA;3,55
AN515-8R10;88044;SCREW,MACHINE;EA;3,09
MS21260L4RH;96906;TERMINAL,WIRE ROPE,STUD;EA;51,01
65-0151-23;72914;LIGHT,INDICATOR;EA;8472,66
MS27060-8;96906;ELBOW,TUBE TO HOSE;EA;1530,87
HL22-5-9;73197;PIN-RIVET;EA;13,12
NFP-80;0U3Y7;POLISH,AUTOMOBILE;EA;79,56
MS3340-1-9;96906;BRACKET,BULKHEAD;EA;4,82
MS20470AD5-5;96906;RIVET,SOLID;EA;104,79
MS27055-12;96906;ELBOW,TUBE TO HOSE;EA;1100,91
170096-05;16827;VALVE,SAFETY RELIEF,OXYGEN SYSTEM;EA;12732,14
D38999/26FE35SN;81349;CONNECTOR,PLUG,ELECTRICAL;EA;233,58
AN3-33A;88044;BOLT,MACHINE;EA;277,8
AN970-3;10630;WASHER, FLAT;EA;72,89
5040-320001FC2;22457;PANEL SANDWICH;EA;12736,47
L23112-40UB;F0111;WASHER,RECESSED;EA;8,49
205-040-187-3;97499;GASKET;EA;99,34
MS35191-274;96906;SCREW,MACHINE;EA;39,08
AN960-1216L;88044;WASHER,FLAT;EA;9,11
174097-80;16827;MASK ASSY - OXYGEN;EA;1466,13
14368;AW25$;AXE;EA;682,8
B-6245R-301;72914;LIGHT,DOME, LENS COLOR RED, 1 FLAT, RECTANGULAR, VOLTAGE VOLTS 28.0 DC, G-5 LAMP;EA;1350,89
R20702-2;13636;GASKET;EA;362,46
6AS25;91929;SWITCH,ELECTRICAL;EA;433,8
MS25036-123;81343;TERMINAL,LUG;EA;50,39
MS51957-33;96906;SCREW,MACHINE;EA;29,22
AN3-13A;88044;BOLT,MACHINE;EA;1,82
AN960-1416;88044;WASHER;EA;6,83
15205A;F6137;CONNECT BAR;EA;7762,38
10-10003;25693;CLAMP,SENSOR;EA;151,79
AN3-32A;88044;BOLT MACHINE;EA;6,87
JS5;91929;ADAPTER,SWITCH ACTUATOR;EA;27,01
A-1305;24692;BALANCE WEIGHT;EA;36,43
14469;F6137;THREADED PIN;EA;696,69
LM412-43;76005;GASKET;EA;914,61
AN5812-1;88044;PITOT TUBE;EA;26725,66
MS20426AD4-4;80205;RIVET,SOLID;EA;132,03
AN125403;88044;RIVET,SOLID;EA;1,52
VS-755-GOVT;39BV2;VALVE,PNEUMATIC TIRE;EA;81,57
ASNA0113-32ADL;F0210;WASHER,FLAT;EA;49,63
MS25253-1;96906;SWITCH,SENSITIVE;EA;55,17
MS25041-4;96906;LIGHT,INDICATOR, LENS COLOR AMBER SINGLE LIGHT, LENGTH 1.750 IN, DIAMETER 0.650 IN, WITHOUT LAMP;EA;120,42
MS25219-13-1683;96906;LIGHT,NAVIGATIONAL,AIRCRAFT;EA;782,6
MS20392-1C19;96906;PIN,STRAIGHT,HEADED;EA;30,28
MS3116P10-6S;96906;CONNECTOR,PLUG,ELEC;EA;109,84
MS24665-214;96906;PIN COTTER;EA;6,07
MS87018-4;96906;ADAPTER;EA;190,64
MS9226-01;96906;WIRE,NONELECTRICAL (ROUND, NICKEL ALLOY, AMS5687, DIAMETER 0.015 IN AND 0.016 IN LENGTH 1422 FEET);EA;268,9
MS24665-361;96906;PIN,COTTER;EA;7,59
MS9518-13;96906;BOLT,MACHINE;EA;10,5
MS24694S48;96906;SCREW,MACHINE;EA;9,11
MS51958-45;96906;SCREW,MACHINE;EA;47,28
MS51963-1;96906;SETSCREW;EA;55,33
MS21919WDF2;96906;CLAMP,LOOP;EA;6,68
MS27216-2;96906;SWITCH,SENSITIVE;EA;1289,25
MS21260L3RH;96906;TERMINAL,WIRE ROPE,STUD;EA;47,28
MS21347-331;96906;SWITCH,TOGGLE;EA;1090,95
MS21921-4C;96906;NUT,TUBE COUPLING;EA;45,38
AN365D1032A;88044;PORCA FRENO;EA;0,91
AN501A10-5;88044;SCREW MACHINE;EA;1,14
AN960D4;88044;WASHER FLAT;EA;3,34
AN207DPP3MILG3278;88044;BEARING,BALL,AIRFRAME;EA;30,36
AN3-24A;88044;BOLT;EA;1,29
AN3-7A;88044;BOLT,MACHINE;EA;47,69
AN501A10-4;88044;SCREW,MACHINE;EA;3,42
NAS1149D0316H;80205;WASHER FLAT;EA;5,31
AN525-10R6;88044;SCREW MACHINE;EA;2,73
AN4-13A;88044;BOLT MACHINE;EA;31,87
MS24665-361;81348;PIN,COTTER;EA;7,59
M7928/5-2;81343;SPLICE,CONDUCTOR;EA;121,92
M83798/3-12;81349;ELBOW,TUBE TO HOSE;EA;544,98
BACS21EE4W;81205;STUD ASSEMBLY,TURNLOCK FASTENER;EA;40,83
MS21916D6-4;81343;REDUCER,BOSS;EA;44,85
MS27648-33;81343;BEARING,BALL,A;EA;655,58
MS3367-3-9;81343;STRAP,TIE DOWN;EA;54,49
MS27645-3A;81343;BEARING,BALL,AIRFRAME;EA;173,88
MS28775-215;81343;PACKING;EA;1,75
KP3AK;21335;BEARING,BALL,AIRFRAME;EA;89,02
32480-001;74025;TOOL KIT,BATTERY;EA;2846,58
23147-003;74025;COVER,BATTERY BOX;EA;8576,31
30-0218B2;19565;LENS,LIGHT, COLOR GREEN;EA;2893,67
HL2277-5-8;73197;PIN-RIVET;EA;35,6
COML;86887;SCREW,CAP,SOCKET HEAD;EA;56,08
23032-1586;31435;CLAMP,LOOP;EA;459,66
C-1301-9S;24692;CLAMP,SHOULDER,SING;EA;17030,2
1683;8108;LAMP,INCANDESCENT;EA;38,02
DI-1233D-OL;7406;SINK VALVE;EA;338,21
A4-307;17472;CORK JOINT;EA;294,08
SA13169;17472;RING,RETAINING;EA;341,52
A3822;17472;DISK ASSEMBLY,DRIVI;EA;5509,54
MS51957-33;1C762;SCREW,MACHINE;EA;28,76
NAS517-3-10;80205;SCREW,MACHINE;EA;82,03
F6633-8;R1120;ELBOW,TUBE TO HOSE;EA;707,77
MS24677-15;360;SCREW,CAP,SOCKET HEAD;EA;4,4
23032-2710;3CPE0;BACK PLATE;EA;402,69
58701;FAQB2;RETAINER,PACKING;EA;1830,14
MS35265-12;0ZBE8;SCREW,MACHINE;EA;50,32
02W1507-231;731;ELEMENT FILTER;EA;1908,43
MCF233;K0481;CABLE ASSEMBLY,COAXIAL, W4;EA;2845,97
22759;75250;SHAFT;EA;11991,02
MS25036-146;81343;TERMINAL LUG;EA;39,08
MS21916D4-3;96906;REDUCER,BOSS;EA;75,33
MS27039-1-09;96906;SCREW WASHER;EA;9,11
MS16998-33;96906;SCREW,CAP,SOCKET HEAD;EA;8,2
15288;F6137;COVER,ACCESS;EA;1266,39
MS21902D10;96906;NIPPLE, BOSS;EA;66,65
AN960-516L;88044;WASHER,FLAT;EA;7,64
MS35275-243;96906;SCREW,MACHINE;EA;145,22
M83519/2-8;81349;SPLICE;EA;281
MS35266-65;96906;SCREW,MACHINE;EA;40,83
MS35275-245;96906;SCREW,MACHINE;EA;152,4
MS16625-1090;96906;RING, RETAINING;EA;7,13
05-346371;31435;SCREW,MACHINE;EA;2,96
M5086/1-22-9;81349;WIRE,ELECTRICAL, COLOR WHITE, OUTSIDE DIA 0.068 (1/16) IN, 22 AWG, TEMP RATING 105.0 DEG CELSIUS;EA;0,91
NAS1169DD10;86928;WASHER,FINISHING;EA;0,62
MS9518-06;81343;BOLT,MACHINE;EA;5,08
66423;93835;SPRING,HELICAL;EA;243,39
NAS146DH14;80205;BOLT,INTERNAL WRENCHING;EA;37,19
16550;S4956;ALAVANCA;EA;1176,33
LM412-32;76005;HOUSING U/O PN LM412SA11 AND PN LM-412-SA21, DYNAFOCAL MOUNTING ASSEMBLY;EA;5540,41
A1373;FA1D6;NUT,SELF-LOCKING,HEXAGON;EA;25,8
AN310-7;80205;NUT,PLAIN,CASTELLATED,HEXAGON;EA;8,95
MS3126P12-8S;96906;CONNECTOR,PLUG,ELECTRICAL;EA;213,94
JANTXV1N5416;81349;SEMICONDUCTOR DEVICE,DIODE;EA;56,01
A-1851-T;24692;BEARING,BALL,THRUST;EA;3618,71
AN4-5A;88044;BOLT,MACHINE;EA;9,41
8-51-06RC8-33S;F0225;CONNECTOR,PLUG,ELECTRICAL;EA;1006,94
N0R2-141-05-4;A2142;WASHER;EA;27,44
MS27039-0806;80205;SCREW,MACHINE;EA;52,98
14-97500-26;28349;ROD;EA;3290,29
MS9573-03;96906;SCREW;EA;152,17
AS3209-139;FB011;PACKING,PREFORMED;EA;23,37
MS9518-17;96906;BOLT,MACHINE;EA;59,2
MS9574-05;96906;BOLT,MACHINE;EA;19,06
MS9321-08;96906;WASHER,FLAT;EA;0,62
N0R2-021-00-6-19PF;A2142;BOLT,MACHINE;EA;1104,24
12338;F6137;SPRING,HELICAL,COMPRESSION;EA;196,99
MS20995C32;96906;WIRE,NONELECTRICAL, ROUND, CRESS, DIA 0.032 IN, LENGTH 365 FT;EA;33,01
413-610-5F;F0214;SWITCH,TOGGLE;EA;7176,2
30-0218-2;72914;LIGHT,NAVIGATIONAL,AIRCRAFT, RIGHT HAND WING, COLOR GREEN, GLASS LENS, 26,5 VOLTS DC;EA;5464,26
AN3C3A;88044;BOLT,MACHINE;EA;1,59
18499;F6137;SCREW,EXTERNALLY RELIEVED BODY;EA;402,73
AN5-6A;88044;BOLT;EA;151,03
A-76;83740;BATTERY,NONRECHARGEABLE 1,5VOLTS;EA;4,86
56922;75250;PACKING NUT;EA;4790,01
2522114;59501;LEVER,FUEL CONTROL;EA;11422,51
488-8D1-0;86768;VALVE,CHECK;EA;56283,91
MS25182-2;96906;CONNECTOR,PLUG,ELECTRICAL;EA;929,83
M81969/1-02;81349;INSERTER AND REMOVER,ELECTRICAL CONTACT;EA;35,18
B1901;24692;ARM REVERSING;EA;3263,38
MS21919WDF8;96906;CLAMP LOOP;EA;9,56
09168P-31;71483;MICROPHONE,CAPACITOR;EA;390,01
A1306-1;24692;GASKET BLADE CLAMP;EA;16,43
M39029/77-428;81349;CONTACT, ELECT;EA;46,65
AN123315;81343;RIVET,SOLID;EA;58,66
MS26574-5A;96906;CIRCUIT BREAKER;EA;156,57
ZV3335;K0481;LAMP,INCANDESCENT;EA;844,26
AN3-12A;88044;BOLT MACHINE;EA;5,24
MS9530-14;81343;BOLT,MACHINE;EA;32,1
AN824-4;88044;TEE,TUBE;EA;29,77
5105-18;79136;PUSH ON NUT;EA;7,13
A-321;24692;SCREW,SOCKET-CLAMP;EA;30,66
16102-007;74025;BUS,CONDUCTOR;EA;27,7
121-751-21-13;S4956;ANEL VEDACAO;EA;38,02
3510-025;F0214;WASHER,FLAT;EA;9,11
02-15777-01;99167;BEARING;EA;326,34
AN819-8C;88044;SLEEVE;EA;0,99
B3897-1;24692;PLUG,PROTECTIVE,DUST AND MOISTURE SEAL;EA;7,21
MS9193-04;1WL60;ADAPTER,STRAIGHT,TUBE TO BOSS;EA;33,85
MS21916D8-6;96906;REDUCER, BOSS;EA;47,28
L23310-30-25AAL;F0111;CONTRAPINO;EA;2,05
MS9518- 32;96906;BOLT;EA;44,09
858015-09;F0349;RING,RETAINING;EA;26,79
P26043;U1604;NUT;EA;78,24
422201E5942;14242;CLAMP, LOOP;EA;354,8
200SGL1009-3;95270;BRUSH,COMPOSITION;EA;689,48
MS20426AD4-7;96906;RIVET,SOLID;EA;75,39
1004;3T949;GLASS FLAT RIGHT;EA;7318,43
AN924-4D;88044;LOCKNUT,TUBE FITTING;EA;35,75
MS21042L5;96906;NUT,SELF-LOCKI;EA;14,51
MS3320-7-1/2;82647;CIRCUIT BREAKE;EA;816,67
MBS84;K5294;CABLE ASSEMBLY,RADIO FREQUENCY;EA;5116
MB52;K5294;CONNECTOR,GAUGE,FUE;EA;3728,81
MBS68;K5294;CABLE ASSEMBLY,RADIO FREQUENCY;EA;3069,6
MCU18;K5294;COAXIAL CABLE;EA;4591,29
MCU84;K5294;CABLE ASSEMBLY,RADIO FREQUENCY;EA;5116
11986;F0189;RETENTOR;EA;343,33
P14914;K5294;JUNTA;EA;110,63
MB54;K5294;CONNECTOR,GAUGE,FUE;EA;1228,4
MCU54;K5294;CABLE ASSEMBLY;EA;3838,37
29F12821;K6712;BOLT;EA;1589,51
MBS18;K5294;CABLE ASSEMBLY,RADIO FREQUENCY;EA;4115,76
MCU43;K5294;CABLE COAXIAL;EA;1563,53
MBS43;K5294;CABLE ASSEMBLY,RADIO FREQUENCY;EA;1816,22
MCU22;K5294;CABLE COAXIAL;EA;5116
05-341310;3CPE0;SCREW,CAP,SOCKET HEAD;EA;31,43
M81824/1-2;81343;SPLICE,CONDUCTOR;EA;414,34
MS27240-1;96906;SWITCH, SENSITIVE;EA;1134,63
MS20426-AD4-5;D9182;RIVET,SOLID;EA;138,35
AN4-36;88044;BOLT,MACHINE;EA;5,08
AN4H5A;88044;BOLT,MACHINE;EA;371,38
MS20426AD3-3;80205;RIVET,SOLID;EA;223,73
MS3367-1-9;96906;STRAP,TIE DOWN,ELEC;EA;10,98
MS25083-2BB6;96906;LEAD,ELECTRICAL, ROUND, DIAMETER 0.081IN, LENGTH 6.372 IN, BOTH ENDS TERMINAL MS25036-12;EA;21,1
AN5-7A;88044;BOLT,MACHINE;EA;5,4
MS3367-4-0;96906;STRAP,TIEDOWN,ELECTRICAL COMPONENTS, COLOR BLACK, WIDTH 0.100 IN, THICK 0.091 IN, LENGTH 4 IN;EA;10,1
M2030AC-2;18783;BEARING,BALL,ANNULAR;EA;561,17
AN500A4-3;88044;SCREW,MACHINE;EA;3,87
170149;16827;VALVE, CYLINDER, GAS;EA;2237
HL2277-5-4;L4528;PIN-RIVET;EA;16,18
A1464;24692;LINK ASSEMBLY;EA;440,18
M22759/41-20-9;81349;WIRE,ELECTRICAL;EA;0,62
MS28775-120;96906;PACKING;EA;1,48
MS24693-C276;96906;SCREW,MACHINE;EA;0,83
AN960C616L;88044;WASHER FLAT;EA;8,1
40335;12338;DIODE;EA;647,52
40518;12338;DIODO;EA;75,02
25969;12338;CAPACITOR;EA;94,76
750572-1;70628;SEAL,FLEXIBLE, FIBER GLASS FABRIC, COLOR ORANGE AND FOAM RUBBER, SILICONE RED, U/I EA, EQUAL 10 FEET;EA;4528,47
17023;F6137;CAPSULE;EA;1055,32
7610;68352;TAPE,REFLECTIVE;EA;1601,75
14269;72914;FILTER,RADIO F;EA;7352,09
B3007;80352;COUNTERWEIGHT,PROPELLER;EA;2335,78
F5001-3;75237;NUT,SELF-LOCKI;EA;10,34
05-370232;3CPE0;WASHER,FLAT;EA;14,82
MS20220A2;96906;PULLEY;EA;260,83
AN316-7R;88044;NUT,PLAIN,HEXA;EA;1,31
MS27645-4;96906;BEARING,BALL,AIRFRAME;EA;144,35
10-10-35-89000;R0527;CAPACITOR,FIXED,ELECTROLYTIC;EA;424,4
MS28775-113;F0229;PACKING PREFORMED;EA;0,96
LM427-10;76005;WASHER;EA;305,6
M83798/2-12;81349;ELBOW,TUBE TO HOSE;EA;808,77
CE2-A25 ISS 5;K0801;CAP,ELECTRICAL;EA;1733,96
KTD1297;K0802;HANDSTFF;EA;456,74
6370-1;81349;WIRE,ELECTRICAL, ROUND, COLOR BROWN, OUTSIDE DIAMETER 0.183 IN, SIZE 16 AWG;EA;1,37
AN960-616L;88044;WASHER,FLAT;EA;7,56
MS24694S52;5M696;SCREW;EA;9,11
M39029/76-424;0U583;CONTACT,ELECTRICAL;EA;122,98
103A10031-01;26433;SCREW,MACHINE;EA;733,12
CE2-23;K0683;DISC FILLING;EA;183,89
SPS011;K0683;SCREW BEZEL;EA;495,91
CE2-44;K0683;PIECE,RETAINING CLIP;EA;227,68
MS51957-45;96906;SCREW;EA;37,42
24296;99595;SEAL;EA;479,88
3106;25693;ROLLER,LINEAR-ROTAR;EA;105,39
MS9321-10;96906;WASHER,FLAT;EA;19,91
B240-21;17472;SHIM;EA;27,79
MS28775-227;96906;PACKING,PREFORMED;EA;3,63
14-616-5FY1;F0214;SWITCH;EA;8337,05
B3475-A2;24692;LOW STOP;EA;3210,25
21206;75250;STUD;EA;1035,86
A3826;72121;SPRING,HELICAL,COMPRESSION;EA;733,05
A9138;17472;WASHER,FLAT;EA;250,45
PK3654-07;99207;CAP;EA;79,31
SBS8ATH21M;U0440;BEARING,PLAIN,SELF-ALIGNING;EA;93,58
12698;78710;CABO;EA;293,6
MS20426AD3-4-5;96906;RIVET,SOLID;EA;1,34
1604A;0SG42;BATTERY,NONRECHARGEABLE 9V;EA;82,84
HL22-77-5-5;L4528;PIN-COLLAR ASSEMBLY;EA;38,58
A12011;17472;END CAP,SCREW COVER;EA;1593,74
MS21921-8D;96906;NUT,TUBE COUPLING;EA;14,69
262-06;F0180;BALL JOINT;EA;225,47
32165-124;F6137;ANEL;EA;98,71
32300;63367;THERMOSTAT;EA;636,15
B6718-1;17472;RING SPACER;EA;1130,8
124337;F1688;BUTEE;EA;1406,75
3510-4-120;F0214;PIVOT;EA;173,73
MS28772-335;96906;ANEL;EA;65,94
E2X14EM;F0313;PINO;EA;12,1
204-040-691-3;97499;PACKING PREFOR;EA;67,67
MS20667-6;96906;TERMINAL,ROPE,SWAGING;EA;141,19
AN669L3LH;88044;TERMINAL,WIRE;EA;36,73
136-4421-72;22373;RESISTOR;EA;19,27
CA1000;83574;SEALING COMPOUND, PASTE, RUBBER SYNTHETIC, COLOR OFF-WHITE, 6 OUNCE CARTRIDGE;EA;582,05
AS3209-028;00GJU;PACKING;EA;1,93
3510-403;F0214;NUT;EA;30,36
MS24694-S53;80205;SCREW,MACHINE;EA;6,07
MS24693-C51;80205;SCREW,MACHINE;EA;7,72
61156-025;28856;YOKE SLIDER;EA;77,39
700141-000;28856;RECEIVER COVER;EA;35,38
800024-001;28856;CUSHION,FOAM, FOR HR1 HEADSET;EA;218,1
AN4-13;88044;BOLT,MACHINE;EA;32,56
66842;93251;SPRING,HELICAL,COMP;EA;5403,26
632007-09;16827;PACKING O-RING;EA;60,71
452-5050;60253;MOUNTING TRAY;EA;445,92
455-5030-710;60253;KIT 01 INSTAL ELT C406-2;EA;32352,48
453-9701;60253;ELT REMOTE SWITCH G1-28V;EA;4295,37
611-6052;60253;CABLE ASSEMBLY,RADIO FREQUENCY;EA;2176,78
452-0133;78286;BATTERY,NONRECHARGEABLE;EA;3539,23
737;5S153;GASKET;EA;848,49
MS29513-010;96906;ANEL-O;EA;1,29
MS28775-028;81343;ANEL-O;EA;1,36
S2L-222;8118;ANEL-O;EA;54,02
13,60X2,70-20B8;F0229;ANEL-O;EA;189,73
MS29561-258;81343;ANEL-O;EA;13,07
AS3209-126;81343;ANEL-O;EA;2,24
MS29513-383;81343;ANEL-O;EA;38,1
MS28775-136;F0229;ANEL-O;EA;2,6
MS29513-28;81343;ANEL-O;EA;3,55
32167-124;F6137;ANEL-O;EA;188,97
AN6227-25;88044;ANEL-O;EA;2,05
MS28775-011;A9271;ANEL-O;EA;0,77
98W52;96073;ANEL-O;EA;3247,49
NAS9301BNS-4-04;80205;RIVET,CEGO;EA;2,05
MS29512-04;A9271;ANEL-O;EA;19,29
MS20600AD5W4;96906;REBITE, CEGO;EA;3,42
MS20600AD4W1;96906;REBITE, CEGO;EA;9,63
M83461/1-125;81349;ANEL-O;EA;2,88
MS29513-007;1K697;ANEL-O;EA;0,48
MS28778-3;81343;ANEL-O;EA;2,2
MS28778-3;5N582;ANEL-O;EA;2,73
AS3209-113;81349;ANEL-O;EA;4,63
MS20600AD4W4;96906;REBITE, CEGO;EA;14,85
MS28775-129;81343;ANEL-O;EA;8,65
NAS1738B4-3;80205;REBITE, CEGO;EA;11,84
32037-124;F6137;ANEL-O;EA;246,24
M83248/1-009;81349;ANEL-O;EA;7,06
M83248-1-027;99657;ANEL-O;EA;2,5
MS28775-239;96906;ANEL-O;EA;4,55
MS28778-2;81343;ANEL-O;EA;2,08
AS3578-034;81343;ANEL-O;EA;5,21
MS28775-009;96906;ANEL-O;EA;0,98
AS568-902;81343;ANEL-O;EA;1,08
MS29513-021;81343;ANEL-O;EA;1,7
M83248/1-004;81349;ANEL-O;EA;1,75
MS29513-232;96906;ANEL-O;EA;4,55
MS29561-024;81343;ANEL-O;EA;3,72
M83461/1-326;5N582;ANEL-O;EA;2,24
M83248-2-904;81205;ANEL-O;EA;1,5
557S4;73342;ANEL-O;EA;19,74
MS24665-155;80205;SCREW;EA;3,79
26479-0494;FC015;CONNECTOR,PLUG,ELECTRICAL;EA;1411,96
MS16562-28;96906;PIN,SPRING;EA;2,04
MS28778-12;21439;ANEL-O;EA;5,77
MS87027-12;96906;MANGUEIRA;EA;179,65
3294006;K0068;MANGUEIRA;EA;2064,15
NAS6204-14;0;BOLT SHEAR;EA;2,73
MS29513-218;81343;O-RING;EA;2,04
1-375-19-1;26858;O-RING;EA;1969,94
MS27039-0805;80205;SCREW, MACHINE;EA;62,4
664-501-9104;70210;SEAL SLEEVE;EA;984,97
200730;57597;CARTRIDGE,AIRCRAFT FIRE EXTINGUISHER;EA;501,63
32308-124;F0189;O-RING;EA;189,73
MS29513-228;81343;O-RING;EA;3,1
MS27039-0814;96906;SCREW,MACHINE;EA;9,11
MS24665-351;96906;PIN,COTTER;EA;17,31
56968;75250;PLATE;EA;668,37
MS21047L3;96906;NUT,SELF-LOCKING,PLATE;EA;20,14
HL22-5-8;73197;PIN RIVET;EA;8,13
9321921129;S4080;BOLT;EA;1,62
MS24523-22;96182;SWITCH,TOGGLE;EA;85,92
A13170;17472;SPACER;EA;668,37
AN4-22A;88044;BOLT,MACHINE;EA;231,54
583861-7;F0286;PLUGUE;EA;34,83
2538100;7213;ELBOW,PIPE;EA;3491,06
14861;0RH25;WASHER, FLAT;EA;1214,28
M81824/1-1;81343;SPLICE,CONDUCTOR;EA;364,35
M7928/1-43;81349;TERMINAL LUG;EA;19,42
MS20813-1;96906;"CAP,VALVE, COLOR YELOW, HEIGHT 0.500 (1/2"") IN, MATERIAL COPPER ALLOY";EA;4,78
NGA50803D5HSOSA;D7505;BATTERY CELL;EA;224,42
AS3217-127;81343;RING;EA;26,38
MS21922-8C;96906;SLEEVE;EA;56,54
MS24694-S49;80205;PARAFUSO;EA;6,22
MS9518-10;96906;BOLT,MACHINE;EA;5,91
14468-000-01;F0189;SPACER,PLATE, U/O MAIN LANDING GEAR,AIRCRAFT C-95;EA;301,9
A12008;17472;RETAINER,OIL SHIELD;EA;975,82
A9155-2;17472;SHIM;EA;1829,23
AN3-6A;88044;BOLT,MACHINE;EA;40,22
NAS464P4A16;80205;BOLT,SHEAR;EA;61,42
MS24667-15;96906;SCREW,CAP,SOCK;EA;3,42
MS27039-1-12;80205;PARAFUSO;EA;9,11
C3311-13;72121;BALL SCREW;EA;20965,76
MS3506-1;96906;TOMADA FORCA;EA;572,34
HL2277-6-9;73197;REBITE HI-LOOK;EA;30,36
NAS6205-14H;80205;BOLT,SHEAR;EA;16,9
M83248/1-330;81349;ANEL-O;EA;7,82
AN4H10A;88044;BOLT;EA;345,65
10797;F0189;PACKING WITH RETAINER;EA;225,14
MS51957-31;96906;SCREW,MACHINE;EA;26,49
MS24693-S274;96906;SCREW,MACHINE;EA;42,28
MS28775-015;96906;O-RING;EA;1,06
SGDXL80BR;55719;SCREWDRIVER SET,FLAT TIP AND CROSS TIP;EA;992,99
A6119;24692;BUSHING,NONMETALLIC;EA;24,69
MS9923-31;81343;BOLT,MACHINE;EA;18,16
A9036;17472;ARMATURE;EA;23612,33
327;8108;LAMP,INCANDESCENT;EA;11,57
67609;80254;GEAR,SPUR;EA;1407,1
AN4-15A;88044;BOLT,MACHINE;EA;177,01
MS29513-022;96906;ANEL-O;EA;1,34
15062;F0189;ARRUELA;EA;80,42
6838;71744;LAMP,INCANDESCENT;EA;5,69
MS28775-112;81343;PACKING;EA;0,91
NAS464P3A9;80205;BOLT,SHEAR;EA;58,41
32088-124;F0189;ANEL DE VEDAÇÃO;EA;30,13
8859;F0189;ADAPTADOR RETO DE TUBO PARA MANGUEIRA;EA;1345,44
13912;F0189;GAXETA;EA;948,66
16825;F0189;CONJUNTO DA PLACA ESQUERDA E DIREITA;EA;22008,83
20978;75250;MANG TEFLON;EA;3869,52
11677;F0189;PLACA MOVEL;EA;5198,64
M83413/8-C008BB;96906;PONTO DE LIGAÇÃO(METALIZAÇÃO),REDONDO, DIA 0.102IN, LENGTH 8.390 IN, TERMINAL MS25036-112 BOTH ENDS;EA;37,87
18155;F0189;CONJUNTO DA VALVULA;EA;22865,34
MS25083-7AB4;96906;METALIZACAO;EA;529,07
15786;F0189;NUT;EA;1579,33
14244;F0189;BUJAO;EA;1803,75
MS51958-65;80205;PARAFUSO;EA;52,34
11676-000-00;F0189;PASTILHA DE FREIO, USADO NO CONJUNTO DE FREIO A DISCO PN 16835-000-01/02/03 DIREITO/ESQUERDO;EA;337,7
11668;F0189;VÁLVULA LANÇADEIRA;EA;2094,19
MS24665-71;80205;PIN,COTTER;EA;6,94
16371;K1017;OVEN TAPE;EA;5065,85
14954;F0189;SEDE DA MOLA, APLICADO PN 16835-000-03, CONJUNTO FREIO A DISCO, ESQ/DIR, TREM POUSO PRINCIPAL.;EA;1957,35
AN960-816;88044;WASHER,FLAT;EA;4,63
AN5-22A;88044;BOLT MACHINE;EA;5,56
A12014-2;17472;CONNECTOR,ROD END;EA;1688,52
HC-B3TN-3D-OH;24692;PROPELLER OVERHAUL KIT;EA;12545,03
B6550;72121;SHAFT ADAPTER;EA;68,3
7000-43-0A-1,75-T1;F2600;O-RING;EA;631,73
MS9226-02;96906;WIRE,NONELECTRICAL;EA;184,62
327079-0010;32108;CUSHION,EAR;EA;283,04
AN4H16A;88044;BOLT,MACHINE;EA;2,5
M23053/16-002-0;81343;INSULATION SLEEVING,ELECTRICAL, SHRINKABLE, BLACK, DIA: EXPANDED 0.375 IN, RECOVERED 0.187 IN;EA;6,97
23081-1400;31435;INLET AIR;EA;12101,04
MS28775-017;81343;PACKING PREFORMED;EA;1,11
MS16998-42;4W343;SCREW,CAP,SOCKET HEAD;EA;29,09
NAS1169-8;80205;ARRUELA MAMEAD;EA;0,68
AS22-32-4-6;D2480;JOINT;EA;2462,42
C-3317-233;24692;ANEL VEDACAO;EA;35,88
NAS464P6-26;80205;PARAFUSO;EA;37,73
AA52082-A-4-OLIVE DRAB;58536;FITA TEFLON;EA;1262,2
309-4301;81579;INTERRUPTOR;EA;1427,54
E3X20;F0189;PIN, COTTER;EA;9,49
MS29561-235;96906;PACKING PREFOR;EA;11,65
14186;F6137;LEVER,REMOTE CONTROL;EA;10031,38
MS14105-25;96906;CIRCUIT BREAKER;EA;937,62
HL22-5-7;73197;REBITE HILOCK;EA;6,47
MS9575-07;96906;BOLT;EA;37,49
MS35058-22;96906;SWITCH,TOGGLE;EA;145,06
MS21438-106;81343;BEARING,ROLLER,NEEDLE;EA;178,79
AE18885H;69705;NIPPLE;EA;1371,92
65-0121-95;72914;ALARM INDICATO;EA;6472,65
NAS9301BNS-4-07;80205;RIVET,BILND;EA;3,79
7007;30525;CONNECTOR, PLUG, ELECTRICAL;EA;1022,42
14387;F0189;BEARING,SLEEVE;EA;928,92
371-0213-050;13499;CONNECTOR,RECEPTACLE,ELECTRICAL;EA;175,01
NAS1149C0363R;80205;WASHER,FLAT;EA;16,89
14312;F0189;COVER,ACCESS;EA;2961,24
14351;F0189;PLATE,BACKING,BRAKE;EA;60804,03
13889;1212;CONE AND ROLLERS,TAPERED ROLLER BEARING;EA;292,1
20306;F0189;GASKET, SQUARE SECTION;EA;473,8
D38999/26KH54SN;74868;CONNECTOR,PLUG,ELECTRICAL (P9708);EA;1620,45
6-855-6;72352;PACKING;EA;307,97
NAS1097AD4-4;80205;RIVET, SOLID;EA;109,45
NAS1097AD4-6;80205;RIVET, SOLID;EA;0,07
NAS1738B4-4;80205;REBITE, CEGO;EA;175,11
32105-124;F0189;O-RING;EA;67,92
17521;F0189;RING,RETAINING;EA;1216,08
56935;D0079;HANGER;EA;20816,6
15152;F0189;WASHER,FLAT;EA;483,27
14315;F0189;LEVER,REMOTE CONTROL;EA;2886
15155;F0189;SUPPORT BAGUE;EA;3745,37
32306-124;F0189;ANEL-O;EA;57,83
11666;F0189;SPRING,HELICAL,COMPRESSION;EA;227,68
NAS1149C0432R;80205;WASHER,FLAT;EA;13,79
32312-121;F0189;PACKING,PREFORMED;EA;220,09
32314-124;F0189;PACKING,PREFORMED;EA;36,05
810-2007K;94970;BATTERY,NONRECHARGEABLE, ELECTROLYTE LITHIUM, 3 VOLTS, SHELF LIFE CODE: 60 MONTHS;EA;7002,07
NAS1149E0763R;80205;WASHER,FLAT;EA;2,81
14688;F0189;BEARING,SLEEVE;EA;3703,89
NAS147A69;80205;BOLT;EA;451,1
33171-124;F0189;ANEL-O;EA;75,89
P33370004;5167;HOUSING ASSEMBLY;EA;4639,27
2-211N602-70;2697;RUBBER SEAL V12;EA;49,25
14519;F0189;ELBOW,TUBE;EA;5531,49
MS27039-1-05;80205;SCREW, MACHINE;EA;9,26
MS27039-4-33;80205;SCREW,MACHINE;EA;17,37
MS24693-C4;80205;SCREW,MACHINE;EA;7,72
MS24693C49;D9182;SCREW, MACHINE;EA;32,57
MS24694C100;80205;SCREW,MACHINE;EA;6,07
NAS6205-12;80205;BOLT,SHEAR;EA;7,29
NAS6205-15;80205;BOLT,SHEAR;EA;9,46
NAS6205-16;80205;BOLT SHEAR;EA;6,68
NAS6205-22;80205;BOLT CLOSE;EA;51,09
NAS6205-30;80205;BOLT,SHEAR;EA;25,19
NAS6205-46D;80205;BOLT;EA;55,17
NAS6206-11D;80205;BOLT,SHEAR;EA;9,78
NAS6206-13D;80205;BOLT SHEAR;EA;10,62
NAS6206-16D;80205;BOLT,SHEAR;EA;16,19
NAS6206-28D;80205;PARAFUSO;EA;134,8
MS20600AD4W2;80205;REBITE, CEGO;EA;9,26
MS20600AD5W2;80205;REBITE, CEGO;EA;13,98
MS21042-6;80205;NUT,SELF-LOCKING,EX;EA;19,74
MS21043-4;80205;NUT,SELF-LOCKING,EXTENDED WASHER;EA;4,86
MS20470B4-16;80205;RIVET,SOLID;EA;126,92
MS20426AD5-5;80205;RIVET,SOLID;EA;82,87
MS20613-5P20;80205;RIVET SOLID;EA;196,47
MS21049L3;80205;NUT,SELF-LOCKING,PLATE;EA;3,87
JLM506849;1212;CONE AND ROLLERS,TAPERED ROLLER BEARING;EA;151,54
264892;4627;CONE AND ROLLERS,TAPERED ROLLER BEARING;EA;154,38
MS14145L3;80205;NUT,SELF-LOCKING,EXTENDED WASHER;EA;32,03
TVS06RS-23-54P;74868;CONNECTOR, PLUG, ELECTRICAL;EA;2439,94
553-8779-005;13499;PANEL,LIGHTING;EA;4540,56
56928;93835;PLATE,RETAINING;EA;7246,41
NAS6204-19D;80205;BOLT SHEAR;EA;17,06
NAS6205-20;80205;BOLT,SHEAR;EA;10,74
NAS517-3-5;80205;SCREW,MACHINE;EA;6,32
MS35206-230;80205;SCREW,MACHINE;EA;23,53
549-3436-002;13499;GEAR CLUSTER;EA;367,27
NAS6206-44;80205;BOLT,SHEAR;EA;66,57
NAS659-4-7;80205;BEARING,BALL,ROD END;EA;651,65
NAS6608-30D;80205;BOLT,SHEAR;EA;404,39
NAS1105-27;80205;BOLT SHEAR;EA;16,13
NAS6205-11;80205;BOLT,SHEAR;EA;6,07
NAS6205-9;80205;BOLT SHEAR;EA;5,46
NAS1423C4;80205;NUT,PLAIN,HEXAGON;EA;32,48
NAS464P3A17;80205;BOLT SHEAR;EA;37,64
NAS464P3A8;80205;BOLT SHEAR;EA;43,21
NAS6204-8D;80205;BOLT,SHEAR;EA;6,15
NAS464P4A18;80205;BOLT SHEAR;EA;6,71
NAS464P4A20;80205;BOLT,SHEAR;EA;19,03
NAS464P4A5;80205;BOLT;EA;6
NAS464P4A6;80205;BOLT;EA;120,82
NAS464P7-16;80205;BOLT;EA;93,42
NAS6203-13D;80205;BOLT,SHEAR;EA;10,98
NAS6203-18;80205;BOLT,SHEAR;EA;6,15
NAS6203-6;80205;BOLT SHEAR;EA;0,91
NAS6204-17D;80205;BOLT,SHEAR;EA;7,87
NAS6204-25;80205;BOLT,SHEAR;EA;5,21
NAS6204-28;80205;BOLT SHEAR;EA;8,2
3LO-453/3;21928;SWITCH, INERTIA;EA;8078,25
AN310-9;80205;NUT;EA;70,28
AN5-41A;80205;BOLT;EA;15,33
MS24693-C2;80205;SCREW,MACHINE;EA;23,3
14460;F0189;SEAT,BALL SOCKET;EA;944,49
AN315-3R;80205;NUT,PLAIN,HEXAGON;EA;7,64
MS24694-C51;80205;SCREW,MACHINE;EA;66,36
14539;F0189;PIN, STRAIGHT, HEADLESS;EA;497,03
MS14144L3;80205;NUT,SELF-LOCKING,EXTENDED WASHER,HEXAGON;EA;8,02
44A353922-002;30221;RELAY,ELECTROM;EA;573,22
261-0054-010;13499;CONNECTOR,PLUG,FIBER OPTIC;EA;897,81
61086;D0079;RETAINER,PACKING;EA;119,6
616-7-1-387;76854;SWITCH,PUSH;EA;535,35
970-2432-060;13499;RELAY;EA;1159,86
747-2178-490;13499;RESISTOR;EA;339,55
648-0019-902;25583;FLAG HUB ASSEMBLY;EA;415,92
MS20995C47;96906;WIRE,NONELECTRICAL, CRESS, DIAMETER 0.047 IN, LENGTH 830 FT, QQ-W-423, COMPOSITION 302;EA;177,44
MS24693-C27;80205;SCREW,MACHINE;EA;7,59
3-910E1267-80;5167;ANEL-O;EA;5,08
NAS464P6A24;80205;SCREW;EA;29,9
289A6512N03C590;30221;RESISTOR,ELECTRICAL;EA;42,64
MS20600AD6W4;80205;RIVET;EA;28,03
MS20392-2C17;80205;PIN,STRAIGHT,HEADED;EA;23,61
791-8511-002;13499;KNOB;EA;1154,49
MS51958-68;80205;SCREW,MACHINE;EA;78,26
111-6;98441;"HOSE,NONMETALLIC, ROUND, BLACK, SIZE 6, DIAMETER: INSIDE 0.313(5/""6)IN, OUTSIDE 0.672 IN, MIL-H-8794";EA;40,05
676-8D;98441;ADAPTER,STRAIGHT,TUBE TO HOSE;EA;250,6
380-1079-340;13499;RESISTOR,VARIABLE,NONWIRE WOUND,NONPRECISION;EA;330,87
164;83326;INDICATOR,LIFT;EA;9842,65
NAS698A3;80205;NUT;EA;171,2
MS9565-06;80205;BOLT,MACHINE;EA;52,09
NAS1149D0563K;80205;WASHER,FLAT;EA;0,47
NAS6206-44D;80205;BOLT,SHEAR;EA;59,35
NAS1352-08-10P;80205;SCREW,CAP,SOCKET HEAD;EA;2,96
NAS517-3-4;80205;SCREW,MACHINE;EA;50,99
2076443;10001;TERMINAL,QUICK DISCONNECT, COLOR RED, INTERLOCKING KNIFE, 16 AWG, LENGTH 0.878 IN, THICK 0.031 IN;EA;3,08
NAS1104-10D;80205;BOLT,SHEAR;EA;6,48
987-6460-003;13499;RT MATING CONNECTOR;EA;23895,19
752-8773-001;13499;NTN R/T CONNECTING KITS;EA;20136,4
685-0364-001;13499;COUPLER,ANTENNA;EA;1539,84
447FS198NF1405-4;6324;BACKSHELL,ELECTRICAL CONNECTOR;EA;550,87
447FS198NF1607-4;6324;BACKSHELL,ELECTRICAL CONNECTOR;EA;555,37
507-186NF04G;6324;BACKSHELL,ELECTRICAL CONNECTOR;EA;3529,79
MS15795-805;80205;WASHER,FLAT;EA;9,43
91205023;F0052;FUSE;EA;1895,19
91407453;F0052;LAMP;EA;789,66
8038;F0189;TOLE FREIN;EA;106,25
NAS1669-08L4;80205;REBITE, CEGO;EA;7,36
MS35338-41;80205;WASHER,LOCK;EA;25,66
608-6381-002;13499;KNOB;EA;3288,47
36-E22307;F0189;WASHER,KEY;EA;197,42
791-0916-002;13499;KNOB;EA;328,5
17920;F0189;CORPS CONTACTEUR (FUSE), USED ON PN 18480, 18480-000-01, WHEEL ASSY, MAIN LANDING GEAR;EA;696,69
15534;F0189;BOLT,FLUID PASSAGE;EA;5555,84
15059;F0189;PIN,COTTER,SOLID;EA;330,89
32315-124;F0189;PACKING,PREFORMED;EA;809,08
15117;F0189;ROLLER,LINEAR-ROTARY MOTION;EA;2361,01
15150;F0189;PIN,QUICK RELEASE;EA;8794,36
31-2204;74868;CONNECTOR,PLUG,ELECTRICAL;EA;205,23
NAS513-5;80205;WASHER KEY;EA;6,79
AS28772-335;2697;ANEL-O;EA;432,5
13265-1;5167;SUPORTE;EA;101
NAS464P4A17;80205;BOLT;EA;15,97
NAS464P4A8;80205;BOLT,SHEAR;EA;92,39
NAS509-5;80205;NUT,PLAIN,HEXAGON;EA;9,41
NAS221-10;80205;SCREW,MACHINE;EA;27,09
NAS222-26;80205;SCREW,MACHINE;EA;69,37
61036478AA00;F0052;SUPPORT INTERRUPTEURS;EA;96455,6
AN4-7A;80205;BOLT;EA;1,14
11581;F0189;VALVE,FLUID PRESSURE REGULATING,AIRCRAFT;EA;2553,88
6933-704;5167;GAGE,PRESSURE,DIAL INDICATING;EA;8540,49
7116MT-160T;5F573;PACKING ASSEMBLY;EA;630,23
601-5520-001;13499;CIRCUIT CARD ASSEMBLY;EA;4737,34
14542;F0189;PILLOW;EA;136,61
14553;F0189;NUT;EA;1441,96
14588;F0189;AXIS;EA;569,19
14859;F0189;BAGUE;EA;932,91
16252;F0189;RONDELLE;EA;1050,54
16348;F0189;SLEEVE;EA;2532,78
15068A;F0189;BASE CILINDRIC;EA;3968,24
15069;F0189;SPACER,LANDING GEAR;EA;873,82
15072;F0189;SHAFT U/O DAMPER NOSE LANDING GEAR;EA;860,73
15074A;F0189;BUSHING SLEEVE,ASSY, U/O PN 14805-000-01 PIVOT ASSY;EA;2013,64
15101;F0189;BUSHING, COUPLING SHAFT DIRECTION, U/O NOSE LANDING GEAR;EA;192,91
15108;F0189;RING, RETAINING;EA;386,62
15127;F0189;AXLE ASSEMBLY;EA;7974,01
15127A;F0189;AXLE ASSEMBLY;EA;4752,19
15131;F0189;BEARING,ROLLER,CYLINDRICAL, U/O NOSE LANDING GEAR, PN 15215-000-001 AND 15215A;EA;105,53
15133;F0189;BUSHING;EA;3334,82
15145A;F0189;SHAFT,ASSY;EA;4392,66
15149;F0189;SHAFT;EA;913,01
15180;F0189;LEVER ASSY,LANDING, U/O NOSE LANDING GEAR, PN 15215-000-001 AND 15215A;EA;9708,97
15185A;F0189;CONNECTING ROD;EA;15026,72
15189;F0189;BUSHING;EA;3071,79
15290;F0189;FLANGE,ASSY;EA;14029,15
15291;F0189;BUSHING;EA;1477,45
15297;F0189;BUSHING;EA;228,25
15300;F0189;LEVER;EA;6964,04
15339;F0189;SHAFT;EA;516,07
15505;F0189;TUBE;EA;4580,04
15659;F0189;RONDELLE;EA;910,71
15666;F0189;WASHER;EA;844,12
16069;F0189;WASHER;EA;2004,16
14467;F0189;SEMI BUSH;EA;235,65
MS24694S6;80205;SCREW,MACHINE;EA;9,26
15195;F0189;LEVER ASSY NOSE LANDING GEAR;EA;11727,46
216-0029-010;13499;CABLE FIBER OPTIC, NTN, 22.5 FT;EA;4200,22
LC-150;18598;LC-150 CONTACT CLEANER 300 ML;EA;168,85
14986;4577;GUARD,CONTROL BEAM;EA;5353,52
17402;F0189;TERMINAL,LOWER;EA;645,86
17403;F0189;PIPE LEVEL;EA;578,73
AN4-11A;80205;BOLT;EA;3,94
AN6-6;80205;BOLT,MACHINE;EA;16,03
NAS560-3-3;80205;SCREW;EA;95,47
11779;F0189;PIN,STRAIGHT,HEADLESS, U/O PN 18480-000-01, WHEEL,MAIN LANDING GEAR;EA;458,72
14551;F0189;RUNNER, U/O PN 14855-001-01/02;EA;5210,83
11758;F0189;WASHER,KEY;EA;256,64
15060;F0189;BOLT, ASSY, USED ON NOSE LANDING GEAR PN 15215-A/C, AIRCRAFT C-95, BANDEIRANTE;EA;2092,61
14523;F0189;BUSHING,SLEEVE;EA;900,54
NAS1669-08DL3;80205;RIVET,CEGO;EA;17,53
NAS561P4-28;80205;PIN, SPRING;EA;68,6
MS21083N08;80205;NUT,SELF-LOCKING,HEXAGON;EA;49,41
16167-003;385;CONNECTOR BAT;EA;3962,37
MS20426AD3-6;80205;RIVET,SOLID;EA;105,18
MS20426AD5-8;80205;RIVET,SOLID;EA;64,59
MS27039-1-15;80205;SCREW,MACHINE;EA;9,26
MS27039-1-18;80205;SCREW,MACHINE;EA;11,57
15496-45;F0189;TAPE,LACING AND TYING;EA;30,28
15496-100;F0189;TAPE,LACING AND TYING;EA;189,96
14694;F0189;WASHER,RECESSED;EA;622,32
14313;F0189;COVER,ACCESS, LEFT AND RIGHT, U/O MAIN LAND GEAR, AIRCRAFT BANDEIRANTE;EA;1527,86
MS9226-04;96906;WIRE,NONELECTRICAL;EA;177,2
NAS517-3-13;80205;SCREW,MACHINE;EA;56,56
NAS517-3-3;80205;SCREW,MACHINE;EA;56,7
NAS517-3-6;80205;PARAFUSO;EA;7,64
NAS6203-18D;80205;BOLT,SHEAR;EA;6,02
NAS6204-23;80205;BOLT;EA;4,94
14466;F0189;BUSHING,MACHINE THREAD;EA;886
12271;F0189;PLATE,MENDING;EA;702,8
MS24694S60;80205;SCREW;EA;79,5
9708;F0189;NUT, U/O PN 10035-002B;EA;1708,57
MS21042-4;80205;NUT,SELF-LOCKING,EXTENDED WASHER,HEXAGON;EA;29,45
628-6561-007;13499;MOUNTING KIT;EA;535,47
NAS9301BNS-4-05;80205;RIVET,CEGO;EA;1,62
14863;3990;DIAPHRAGM,ACTUATOR VALVE,SPECIAL SHAPED;EA;4628,77
MS24665-138;80205;PIN,COTTER;EA;3,79
AN4-12A;80205;PARAFUSO SEXTAVADO;EA;2,73
NAS464P;80205;BOLT, SHEAR;EA;29,52
NAS1104-7D;80205;BOLT, SHEAR;EA;4,55
NAS1104-8D;80205;BOLT,SHEAR;EA;15,18
MS20002C10;80205;WASHER,RECESSED;EA;7,51
MS21061L3;80205;NUT,SELF-LOCKING,PLATE;EA;5,08
MS14145L4;80205;NUT,SELF-LOCKING,EXTENDED WASHER,HEXAGON;EA;11,96
MS14145L6;80205;NUT,SELF-LOCKING,EXTENDED WASHER,HEXAGON;EA;22,84
8662;F0189;FREIN;EA;645,09
14535;F0189;DEMI-CONTRE FICHE;EA;15327,25
14518A;F0189;PISTON,LINEAR ACTUATING CYLINDER;EA;11864,65
14516;F0189;HEAD,LINEAR ACTUATING CYLINDER;EA;3793,11
14456;F0189;SCREW;EA;483,27
15025;F0189;PIN,HEADED,THREADED;EA;2574,99
17794-000-01;F0189;KEY,MACHINE, U/O 18480-000-01, WHEEL,MAIN LANDING GEAR;EA;708,37
14383;F0189;WASHER,KEY;EA;400,83
14713A;F0189;NUT,PLAIN,ROUND;EA;7655,91
15167;F0189;NUT,PLAIN,ROUND;EA;1812,28
M39029/78-432;74868;CONTACT,ELECTRICAL;EA;54,03
13193;F0189;PACKING,PREFORMED;EA;265,62
38970;98897;COVER ASSY;EA;13226,72
11675;F0189;PLATE,BACKING,BRAKE ASSY;EA;11186,43
11978;F0189;BUSHING;EA;173,73
11979;F0189;AXE;EA;1242,58
2635164;99193;PLUG;EA;274,95
NAS464P4A52;80205;BOLT SHEAR;EA;197,42
NAS6208-13D;80205;BOLT,SHEAR, .5000-20 THREAD, .812 GRIP DRILLED THREAD, NONLOCKING, CADMIUM PLATED;EA;54,51
9706;F0189;CYLINDER TUBE;EA;16033,31
14342;F0189;SUPPORT;EA;3377,22
14348;F0189;PRISONER;EA;267,35
333-1270-000;13499;NUT;EA;1,9
200-2333-050;13499;ANEL-O;EA;1153,61
553-5211-002;13499;SPRING;EA;4150,59
NAS659-3L5;80205;BEARING,BALL,ROD END;EA;82,57
NAS6205-24H;80205;BOLT,SHEAR;EA;28,61
NAS6206-12;80205;BOLT,SHEAR;EA;7,21
NAS6608D30;80205;BOLT,SHEAR;EA;67,52
KC-120;78462;COIL SOLENOID;EA;1443
0894-011;0FTT5;CANNED AIR;EA;58,66
106049-1;3YHW1;C OUTLET ASSEMBLY W / LID - 115 VAC OUTLET -10;EA;3486,44
44B359394-002;89954;RELAY,ELECTROMAGNETIC;EA;16898,78
601-4301;81579;SWITCH,PUSH, VOLTAGE RATING IN VOLTS 28.0 DC;EA;2888,03
PWC30046-52;75245;PULLER,SEAL CARRIER;EA;2133,98
TIP122;1295;TRANSISTOR;EA;252,36
APTE-6E-1000-5000A;34345;TRANSDUCER,PRESSURE,FLUID-HYDRAULIC;EA;31894,48
PWC30304-08;75245;RIVET SET;EA;390,49
385-4322;81579;SWITCH,SLIDE;EA;4667,39
385-4321;81579;DUMMY PLUG,TELEPHONE;EA;2305,82
3537;90166;COUPLING;EA;9316,84
379S26;6848;ANEL-O;EA;121,3
379S13;6848;ANEL-O;EA;17
303-4;624;"HOSE,NONMETALLIC, ROUND, BLACK, SIZE 4, DIAMETER: INSIDE 0.188 (3/8"") IN, OUTSIDE 0.516 IN, MILH8794";EA;34,68
666-4;624;HOSE, NONMETALLIC;EA;30,13
666-6;624;"HOSE,NONMETALLIC, SIZE 6, DIAMETER: INSIDE (5/16"") 0.313 IN, OUTSIDE 0.466 IN, ROUND";EA;53,43
AE102-12;D2497;INSULATION SLEEVING,THERMAL;EA;81,73
AE102-18;624;INSULATION SLEEVING,THERMAL;EA;74,31
2526226;6848;PLATE,IDENTIFICATION;EA;39,33
2525107-65;6848;JET,METERING FUEL;EA;488,05
16390;55635;INSULATOR,FEEDTHRU;EA;1757,34
AE775S8-4S;59976;CONNECTOR,PLUG,ELECTRICAL;EA;471,38
2520501;40920;BEARING,BALL,ANNULAR;EA;79,08
2521021;6848;SHAFT,ECCENTRIC;EA;2245,88
2521666;6848;ADJUSTING SCREW;EA;70,83
2521724-1;6848;SPRING,HELICAL,EXTENSION;EA;2408,55
2521724-2;6848;SPRING;EA;317,44
2521724-3;6848;SPRING,HELICAL,COMPRESSION;EA;350,37
2521745;6848;PIN,GROOVED,HEADED;EA;127,06
2523190;6848;PIN,GROOVED,HEADLESS;EA;109,68
2523240;6848;BEARING,BALL,ANNULAR;EA;95,7
2523974;6848;CAP,BEARING,FUEL CO;EA;3353,86
2523975;6848;BUSHING ASSEMBLY,DR;EA;235,32
2525104;6848;GASKET;EA;13,35
3244112;6848;BELLOWS, ASSY, DAMPED;EA;16938,11
2529625;6848;ADAPTER,FUEL CONTRO;EA;1106
440-4;624;ADAPTER,STRAIGHT,TUBE TO HOSE;EA;233,75
14-01357-00;0AHP5;SWITCH,SENSITIVE;EA;389,54
202A121-3-00-0;6090;INSULATION SLEEVING,ELECTRICAL,SPECIAL PURPOSE;EA;58,89
206637;66503;GASKET;EA;25,88
213181;66503;PLUG,MACHINE THREAD,MAGNETIC;EA;4264,18
214318;66503;PIN,STRAIGHT,HEADLESS;EA;667,85
23032-1143;28548;WASHER,SHOULDERED AND RECESSED;EA;13,27
F66018-4;624;FITTING HOSE;EA;379,12
56915;93835;SHAFT,SHOULDERED;EA;4480,47
358-354AC14;60038;BEARING,ROLLER,TAPERED;EA;379,04
4005095-0501;27914;WAVEGUIDE ASSEMBLY;EA;22110,56
5458-007;45934;CONNECTOR,RECEPTACLE,ELECTRICAL;EA;201,36
AN960-1616;21439;WASHER/BAR;EA;1,21
LM29711;60038;CUP,TAPERED ROLLER;EA;132,82
AE102-10;624;INSULATION SLEEVING,THERMAL, DIAMETER INSIDE 0.620 IN, THICK 0.125 IN, GLASS FIBER;EA;30,74
AEI102-10;624;INSULATION SLEEVING,THERMAL, DIAMETER INSIDE 0.620 IN, THICK 0.125 IN, GLASS FIBER;EA;47,77
GH5;72794;EYELET,TURNLOCK FASTENER;EA;70,28
DPP3;38443;BEARING,BALL,AIRFRAME, LUBRICATION MATERIAL MIL-G-81322 MIL SPEC;EA;856,07
343451;6848;DIAPHRAGM,ACTUATORVALVE,SPECIAL SHAPED;EA;2398,2
32447;779;TERMINAL,QUICK DISCONNECT, COLOR BLUE, INTERLOCKING KNIFE, 14 AWG,LENGTH 0.878 IN, THICK 0.030 IN;EA;7,58
32448;779;TERMINAL,QUICK DISCONNECT, COLOR BLUE, INTERLOCKING KNIFE, 14 AWG,LENGTH 0.859 IN, THICK 0.032 IN;EA;2,2
3320-019;66503;PIN;EA;111,03
336132;6848;PIN,TAPERED,PLAIN;EA;352,22
3243621;6848;BEARING, BALL, ANNULAR;EA;2462,42
2521724-4;6848;SPRING, HELICAL, COMPRESSION;EA;1661,06
AE701-4;624;HOSE,NONMETALLIC;EA;28,27
457-370-12;99321;CAP,FILLER OPENING;EA;2087,92
178054-11;81996;BRAKET LOWER;EA;9362,79
2522105;6848;SPACER,SLEEVE;EA;217,16
NOVEC CONTACT CLEANER;76381;CLEANING COMPOUND,SOLVENT,;EA;729,57
306-4;624;HOSE,NONMETALLIC, ROUND, INSIDE DIA 0.250 IN, RUBBER SYNTHETIC, FUEL/OIL, HYDROCARBON, 4 SIZE;EA;19,12
201359-1;779;CONNECTOR BODY;EA;39,96
CIX312K6-6W;04UP0;PTT CABLE INT;EA;2276,35
2523651;6848;PIN,GROOVED,HEADED;EA;386,95
AE18884E;624;ELBOW,TUBE;EA;595,69
AE18926E;624;ADAPTER,STRAIGHT,TUBE TO HOSE;EA;586,22
AE208-4;624;PROTECTOR,ELECTRICAL CABLE;EA;18,87
AE2463545E0202;624;HOSE ASSEMBLY,NONMETALLIC;EA;988,49
RS100L;80756;RING,RETAINING;EA;2,24
MS20470AD5-7;80049;REBITE;EA;17,61
1355-013;66503;PACKING;EA;627,78
379S16;6848;PACKING;EA;80,78
56714;93835;PLUG;EA;755,12
69738-200;624;COUPLING,CLAMP,GROOVED;EA;1460,64
63401;93835;SCREW;EA;1214,28
66421;93835;SHAFT;EA;6488,81
67649;93835;SHIM;EA;1479,9
700166-1;19565;CONNECTOR,PLUG,ELECTRICAL;EA;767,47
953504-157;6848;SCREW,CAP,SOCKET HEAD;EA;68,38
25212;93835;SPOOL AND SLEEVE;EA;1929,11
430-00013-01;0TRC3;KNOB ASSY, OUTER,GNC400/500;EA;34,35
191801;6848;WASHER,FLAT;EA;7,59
192993;66503;SPRING,HELICAL,COMPRESSION;EA;236,9
100185-45;79318;WASHER;EA;121,61
1680-628;66503;PICKUP,GOVERNOR,PROPELLER;EA;9107,1
12050-0013;27914;TRANSISTORS;EA;267,14
13028;45402;ADAPTER,STRAIGHT,TUBE TO BOSS;EA;576,11
1310-115;66503;VALVE,SOLENOID;EA;48404,16
1412-654;66503;BEARING;EA;1109,48
210071;66503;BODY,RELIEF VALVE;EA;2265,43
182650;66503;PACKING,PREFORMED;EA;26,66
182757;66503;PACKING;EA;142,14
56716;93835;NUT,PLAIN,HEXAGON;EA;387,36
305;8805;LAMP,INCANDESCENT;EA;3,47
GA5-312;72794;EYELET,TURNLOCK FASTENER;EA;271,08
30-0218-1;19565;LIGHT,NAVIGATIONAL,AIRCRAFT, LEFT HAND WING, COLOR RED, GLASS LENS, 26,5 VOLTS DC;EA;9107,1
JLM506810;60038;CUP,TAPERED ROLLERBEARING;EA;102,02
1355-901;66503;GAXETA;EA;147,59
MS24693C48;D9182;BOLT, 8-32 UNC;EA;7,59
14090;55635;INSULATOR BOWL;EA;2240,59
180228;60380;BEARING,ROLLER,NEEDLE;EA;118,45
MS3338-6839;D9182;LAMPADA INCAND;EA;194,57
8846-12D;624;ELBOW,TUBE TO HOSE;EA;793,87
M27500-20TE1T14;1P787;CABLE,SPECIAL PURPOSE,ELECTRICAL, ROUND, WHITE, SIZE 20 AWG, TEMP RATING 150.0 DEG CELSIUS;EA;1,82
NAS1189-06P14L;17446;SCREW,CAP,SOCKET HEAD;EA;15,71
3240770;6848;PLUG,ANTI-TAMPER;EA;90,54
2521667;6848;SHAFT,STRAIGHT;EA;1726,76
2523192;6848;SEAT,HELICAL COMPRESSION SPRING;EA;817,93
HL77-5;73197;COLLAR,PIN-RIV;EA;3,73
HW14-3;15653;NUT,SELF-LOCKING,EXTENDED WASHER,HEXAGON;EA;21,79
289A6512N03C590;5606;RESISTOR,ELECTRICAL;EA;42,64
C6334-36;78710;UNIT ASSY,TELESCOPI;EA;2299,5
2523973;6848;BEARING,BALL,ANNULAR;EA;148,14
HL22-5-3;56878;PIN-RIVET;EA;8,58
KWDB24CR;50294;BEARING,PLAIN,SELF-ALIGNING;EA;9568,4
50ARM300-250;55635;WIRE RELEASE TOOL;EA;223,26
58712;93835;LINER,BEARING;EA;1519,44
58748;93835;SPACER,RING;EA;150,24
366783;6848;WASHER;EA;4,78
51134-150S;624;GASKET;EA;96,1
3532-028;66503;PLUNGER PILOT;EA;3334,82
922345;90166;RESTRICTOR,FLUID FLOW;EA;14886,19
56590;93835;WASHER,RECESSED;EA;88,84
56596;93835;ROLLER,BEARING;EA;103,98
56717;93835;SPRING,HELICAL,COMPRESSION;EA;355,43
56855;93835;SPRING,HELICAL,COMPRESSION;EA;113,08
56909;93835;PISTON,PUMP;EA;1647,01
56914;70854;BEARING,BALL,ANNULAR;EA;1013,39
56932;93835;RETAINER,PLATE,RETA;EA;2443,03
MS20470AD5-5;53551;RIVET,SOLID;EA;67,9
MS20470AD5-6;53551;RIVET, SOLID;EA;69,25
MS21902D8;624;NIPPLE,TUBE;EA;34,46
56933;93835;SPACER,SLEEVE;EA;455,51
2523611;6848;VALVE ASSEMBLY, FUEL;EA;5409,19
A4-25;72794;STUD,TURNLOCK FASTENER;EA;51,68
CR179-4-6;11815;RIVET;EA;22,03
HL2277-5-3;56878;PIN-RIVET;EA;63,17
BAS107-1-1.00IN-120IN-0;0J2J9;HOSE-FLEXIBILE, AIR COND SYS PAX CABIN, NYLON, POLIURETHANE -LENGTH 120 INCHES;EA;689,48
BAS107-1-1.50IN-120IN-0;0J2J9;HOSE-FLEXIBILE, AIR COND SYS PAX CABIN, NYLON, POLIURETHANE -LENGTH 120 INCHES;EA;693,96
208455;66503;CAP,PROTECTIVE,DUST AND MOISTURE;EA;166,96
MS35489-14;D9182;GROMMET,NONMETALLIC;EA;56,02
MS24587-16;624;ADAPTER,STRAIGHT,TUBE TO HOSE;EA;398,98
601/AE701-12;624;HOSE,NONMETALLIC;EA;172,37
816-4;624;ADAPTER,STRAIGHT,TUBE TO HOSE;EA;276,94
CR2249-4-5;11815;REBITE, CEGO;EA;3,19
6302 Z;38443;BEARING,BALL,ANNULAR;EA;7818,54
452-5052;18560;COVER,ELECTRONIC COMMUNICATION EQUIPMENT;EA;248,35
PT06CP-12-10S;77820;CONNECTOR,PLUG,ELECTRICAL;EA;1055,32
320566;779;TERMINAL,QUICK DISCONNECT, COLOR BLUE, INTERLOCKING KNIFE, 14 AWG,LENGTH 0.878 IN, THICK 0.031 IN;EA;11,92
51016-0077;27914;MICROCIRCUIT;EA;493,07
6838;5464;LAMP,INCANDESCENT;EA;2,81
PC31-2;72794;RETAINER,TURNLOCK FASTENER EJECTOR SPRING;EA;154,85
SSR-4ZRA5P58LY17P;6848;BEARING,BALL,ANNULAR;EA;121,12
816-4;14798;ADAPTER,STRAIGHT,TUBE TO HOSE;EA;221,85
PS-1223;13850;POWER SUPPLY 12V 2.3AH (LEAD ACID P2020);EA;249,06
LM67048;60038;CONE AND ROLLE;EA;70,53
NAS9301BNS-4-03;11815;RIVET,CEGO;EA;1,76
CR3242-5-3;C4293;RIVET,CEGO;EA;227,42
NAS9304BNS-4-02;80205;RIVET BLIND;EA;9,26
MS21044N4;80205;NUT,SELF-LOCKING,HEXAGON;EA;15,36
AN320-12;80205;NUT,PLAIN,SLOTTED,HEXAGON;EA;55,71
T30RHSTR;F3341;STRAP,TIEDOWN,ELECTRICAL COMPONENTS;EA;15,79
C6808-7;78710;CX CONTROLE;EA;4248,39
MVC69370AP150;624;COUPLING,CLAMP,GROOVED;EA;2794,05
AE18916E;624;SLEEVE,COMPRESSION,TUBE-HOSE FITTING;EA;65,74
66422;93835;RING,RETAINING;EA;1266,39
3583-022;66503;AIR BLEED;EA;2666,45
3605631-0506;27914;BUTTON PUSH;EA;261,22
3638-020;66503;SLEEVE;EA;1293,7
3473-044;66503;SEAT;EA;1794,05
3483-020;66503;BUSHING;EA;1059,9
5431407-24;78710;CONTROL ASSEMBLY,PUSH-PULL;EA;2075,55
RS62-5;29780;RETAINING RING;EA;126,35
VSR2SS5G37;5624;BEARING;EA;86,86
S10012-02;27914;CAPACITOR;EA;106,6
TE1309;30242;CAPACITOR;EA;98,87
1301718R;5236;GUIDE;EA;1329,39
1126-00-5;9445;VALVE,CHECK 2.000 INCHES, 0.750 INCHES, WEIGHS 6 OUNCES, ALUMINUM;EA;14352,4
1355-780;66503;PACKING,PREFORMED;EA;106,21
1589-00-3;9445;VALVE,CHECK;EA;14697,14
B5588;7EK50;WRENCH;EA;6317,3
F66018-8;624;ADAPTER,STRAIGHT,TUBE TO HOSE;EA;376,59
1861;90166;LOCKING;EA;213,37
2529604;6848;NUT,PLAIN,HEXAGON;EA;83,63
AS75-85-7/10;F0384;RING,WIPER, U/O NOSE LANDING GEAR, AIRCRAFT C-95;EA;1026,56
AS85-95-7/10;F0384;RING, SCRAPER;EA;108,22
24540-150;624;COUPLING,CLAMP,GROOVED;EA;305,85
J228P022;7482;ANEL-O;EA;48,54
8932-012;66503;PARTS KIT,GOVERNOR;EA;39483,13
8932-030;66503;KIT OVERHAUL;EA;24843,58
8932-073;66503;KIT OVERHAUL;EA;8022,97
NAS1105-8;76823;BOLT SHEAR;EA;5,62
MS27053-4CL;624;ADAPTER,STRAIGHT, TUBE TO HOSE;EA;384,21
816-12D;624;ADAPTER,STRAIGHT,TUBE TO HOSE;EA;349,82
371-0213-110;4V792;CONTACT ASSEMBLY,ELECTRICAL;EA;5,79
900591B1C;624;CLAMP,HOSE;EA;11,78
50ARM-300-205;55635;WIRE,ANTENNA;EA;166,22
211C119-184;2750;CONTACTOR MAN;EA;6361,92
21236;93835;CAP-PORT;EA;31,66
2523940;6848;ADAPTER;EA;2361,09
2525073;6848;SCREW;EA;477,04
2525074;6848;SLEEVE;EA;13060,94
12043-0156;27914;SEMICONDUTOR;EA;16,74
GE4580;8808;LAMP,INCANDESCENT;EA;126,78
383817;6848;SCREW;EA;90,97
317S7;6848;ANEL-O;EA;2,84
328617;64547;SEAL;EA;4,33
B5954-1;45934;ROD END STOP;EA;2814,2
2525107-59D;6848;JET,AIRFLOW;EA;1107,42
901207K1;6848;PIN,COTTER;EA;66,79
3054-729;66503;GASKET;EA;97,02
32105-0002;27914;CONECTOR;EA;394,83
2525107-67D;6848;JET,METERING,FUEL C;EA;694,05
15085;45225;RETAINER,PACKING;EA;74,15
2525107-60D;6848;JET,AIRFLOW;EA;1004,37
2525107-62D;6848;JET,AIRFLOW;EA;2081,1
J221P021;7482;PACKING;EA;1,11
4005373-0001;27914;SWITCH,PUSH;EA;9870,78
51128-0101;27914;INTEGRATED CIR;EA;204,13
4421-033;66503;LEVER ASSY;EA;4924,84
2525107-63D;6848;JET,AIRFLOW;EA;1020,15
0856NB2;59885;PITOT STATIC;EA;48201,01
AN123314;0U583;RIVET,SOLID;EA;10,9
AN3-22A;88044;BOLT,MACHINE;EA;30,36
16102-006;74025;BUS, CONDUCTOR;EA;29,55
NAS6204-18;80205;BOLT,SHEAR;EA;3,45
MS35206-263;96906;SCREW,MACHINE;EA;58,39
MS35206-215;80205;SCREW,MACHINE;EA;33,88
14867;4577;BRACKET,MOUNTING;EA;2002,72
MS9966-06;96906;ANEL-O;EA;6,26
15136;F0189;ANEAU;EA;2324,83
AS29513-113;81343;ANEL-O;EA;1,34
MBS54;K0481;CABLE ASSEMBLY,RADIO FREQUENCY;EA;1758,87
MS9321-09;80205;WASHER,FLAT;EA;28,35
MS51957-46;96906;SCREW, MACHINE;EA;45,22
02FC213;736;SEAT,VALVE,FILTER A;EA;306,96
AN935-616;88044;WASHER,LOCK;EA;0,15
MS27644-5;96906;BEARING,BALL,A;EA;326,6
MS25361-100;96906;CIRCUIT BREAKE;EA;1224,25
HL2277-6-7;73197;RIVET,SOLID;EA;43,55
15099A;F0189;BUSHING;EA;1248,46
2530-070;F0214;PLAQUE ARRIE;EA;2211,06
F123N0017;F1688;ESCOVA;EA;386,93
A1638-5;76275;WASHER,FLAT;EA;1,31
23081-390;3CPE0;STATOR;EA;47221,83
600-052;6324;STRAP,TIEDOWN,ELECTRICAL COMPONENTS;EA;13,21
MS90725-32;96906;BOLT;EA;36,73
DMH21-1;752;ANTENNA COUPLER;EA;936,86
MS20426AD4-16;80205;RIVET,SOLID;EA;93,15
MS20426AD4-10;80205;RIVET;EA;231,45
MS20601AD4W3;96906;REBITE, CEGO;EA;15,79
AEROSHELL FLUID 41;54527;HYDRAULIC FLUID, NONPETROLEUM BASE, AIRCRAFT;EA;302,53
LP10WR;55719;WRENCH,PLIER;EA;90,62
MS28775-229;0XK26;O-RING;EA;4,4
MS24665-28;96906;PIN,COTTER;EA;7,59
MICROB MONITOR 2;0NDT1;TEST KIT, FUEL, WORKS ON FUEL, WATER AND LUBRICANTS;EA;470,46
15185B;F0189;FLANGE;EA;13735,28
56660;93835;INSERT-HELICAL COIL;EA;3377,03
MS141452B;96906;NUT;EA;283,84
NAS1745-15;80205;"SPLICE,CONDUCTOR, COLOR BLUE, LENGTH 0.625 IN (5/8""), HEAT SHRINKABLE SLEEVE";EA;7,67
601/AE701-4;624;HOSE RUBBER;EA;113,12
B240-22A;17472;CALÇO;EA;355,35
A9155-4;17472;CALÇO;EA;195,05
TEEPOL MULTIPURPOSE DETERGENT;F0210;MULTIPURPOSE DETERGENT;EA;7865,04
S24B0-0500-0230;502;CALÇO;EA;7,04
MS20392-1C7;96906;PIN;EA;22,22
MS20668-6;96906;TERMINAL;EA;85,99
02FC07-134;736;STUD,PLAIN;EA;266,67
NAS1149F0832P;80205;WASHER;EA;3,47
MS25089-3CR;96906;SWITCH,PUSH;EA;65,94
9960;C0247;CRADLE, ACCUMULATOR;EA;1024,55
110P2-429-01-03;F0189;RESTRICTING RING;EA;1608,92
911242;6848;WASHER,FLAT;EA;2,11
PE26018-3.8-6.5;6UG63;RIVET;EA;18,21
B3049;24692;RING ROD END;EA;944,91
B3840;24692;SCREW,MACHINE;EA;10,5
MS20995NC32;80205;WIRE,NONELECTRICAL;EA;454,28
110-3012-01-16;S4956;SUPPORT;EA;4634,23
110P2-1244-60-02;FB459;TERMINAL RING;EA;2578,63
658C86-4;73842;NOSE TIRES C-95 / MAIN T-25, 6.50-8, 8PR, FLIGHT CUSTOM III, 160MPH, GOODYEAR CODE: R801125;EA;1475,01
ASTMA580;81346;WIRE,NONELECTRICAL;EA;8,73
APTE-6E-1000-130G;34345;PRESSURE TRANSDUCER OIL MOTOR;EA;9640,94
APTE-6E-1000-50G;34345;PRESSURE TRANSDUCER;EA;10744,42
APTE-553A-2000-75D;34345;TRANSDUCER,PRESSURE;EA;11383,28
